started_at;ended_at;duration;start_station_id;start_station_name;start_station_description;start_station_latitude;start_station_longitude;end_station_id;end_station_name;end_station_description;end_station_latitude;end_station_longitude
2022-05-01 00:55:46.521000+00:00;2022-05-01 01:02:05.964000+00:00;379;450;Elisenberg;ved holdeplassen;59.919524;10.70884;429;Thune;ved bomringen;59.92208;10.68588
2022-05-01 03:00:17.214000+00:00;2022-05-01 03:10:10.317000+00:00;593;423;Schous plass;nærmest rundkjøringen;59.920335;10.760804;612;Ensjøveien;ved turvei;59.91662195885618;10.783309055819714
2022-05-01 03:02:31.181000+00:00;2022-05-01 03:09:50.019000+00:00;438;463;Schous plass trikkestopp;ved biblioteket;59.9207284;10.7594857;586;Københavngata busstopp;ved Fagerheim tennisklubb;59.9294565845173;10.769121495700826
2022-05-01 03:04:18.252000+00:00;2022-05-01 03:08:47.921000+00:00;269;578;Hallings gate;langs Dalsbergstien;59.922777;10.738655;462;Stensparken;ved Sporveisgata;59.92714;10.730981
2022-05-01 00:55:46.521000+00:00;2022-05-01 01:02:05.964000+00:00;379;450;Elisenberg;ved holdeplassen;59.919524;10.70884;429;Thune;ved bomringen;59.92208;10.68588
2022-05-01 03:00:17.214000+00:00;2022-05-01 03:10:10.317000+00:00;593;423;Schous plass;nærmest rundkjøringen;59.920335;10.760804;612;Ensjøveien;ved turvei;59.91662195885618;10.783309055819714
2022-05-01 03:02:31.181000+00:00;2022-05-01 03:09:50.019000+00:00;438;463;Schous plass trikkestopp;ved biblioteket;59.9207284;10.7594857;586;Københavngata busstopp;ved Fagerheim tennisklubb;59.9294565845173;10.769121495700826
2022-05-01 03:04:18.252000+00:00;2022-05-01 03:08:47.921000+00:00;269;578;Hallings gate;langs Dalsbergstien;59.922777;10.738655;462;Stensparken;ved Sporveisgata;59.92714;10.730981
2022-05-01 03:04:18.252000+00:00;2022-05-01 03:08:47.921000+00:00;269;578;Hallings gate;langs Dalsbergstien;59.922777;10.738655;462;Stensparken;ved Sporveisgata;59.92714;10.730981
2022-05-01 03:04:18.252000+00:00;2022-05-01 03:08:47.921000+00:00;269;578;Hallings gate;langs Dalsbergstien;59.922777;10.738655;462;Stensparken;ved Sporveisgata;59.92714;10.730981
2022-05-01 03:04:18.252000+00:00;2022-05-01 03:08:47.921000+00:00;269;578;Hallings gate;langs Dalsbergstien;59.922777;10.738655;462;Stensparken;ved Sporveisgata;59.92714;10.730981
2022-05-01 03:04:18.252000+00:00;2022-05-01 03:08:47.921000+00:00;269;578;Hallings gate;langs Dalsbergstien;59.922777;10.738655;462;Stensparken;ved Sporveisgata;59.92714;10.730981
2022-05-01 03:04:18.252000+00:00;2022-05-01 03:08:47.921000+00:00;269;578;Hallings gate;langs Dalsbergstien;59.922777;10.738655;462;Stensparken;ved Sporveisgata;59.92714;10.730981
2022-05-01 00:55:46.521000+00:00;2022-05-01 01:02:05.964000+00:00;379;450;Elisenberg;ved holdeplassen;59.919524;10.70884;429;Thune;ved bomringen;59.92208;10.68588
2022-05-01 03:00:17.214000+00:00;2022-05-01 03:10:10.317000+00:00;593;423;Schous plass;nærmest rundkjøringen;59.920335;10.760804;612;Ensjøveien;ved turvei;59.91662195885618;10.783309055819714
2022-05-01 03:02:31.181000+00:00;2022-05-01 03:09:50.019000+00:00;438;463;Schous plass trikkestopp;ved biblioteket;59.9207284;10.7594857;586;Københavngata busstopp;ved Fagerheim tennisklubb;59.9294565845173;10.769121495700826
2022-05-01 03:04:18.252000+00:00;2022-05-01 03:08:47.921000+00:00;269;578;Hallings gate;langs Dalsbergstien;59.922777;10.738655;462;Stensparken;ved Sporveisgata;59.92714;10.730981
2022-05-01 03:04:18.252000+00:00;2022-05-01 03:08:47.921000+00:00;269;578;Hallings gate;langs Dalsbergstien;59.922777;10.738655;462;Stensparken;ved Sporveisgata;59.92714;10.730981
2022-05-01 03:04:18.252000+00:00;2022-05-01 03:08:47.921000+00:00;269;578;Hallings gate;langs Dalsbergstien;59.922777;10.738655;462;Stensparken;ved Sporveisgata;59.92714;10.730981
2022-05-01 03:04:18.252000+00:00;2022-05-01 03:08:47.921000+00:00;269;578;Hallings gate;langs Dalsbergstien;59.922777;10.738655;462;Stensparken;ved Sporveisgata;59.92714;10.730981
2022-05-01 03:04:18.252000+00:00;2022-05-01 03:08:47.921000+00:00;269;578;Hallings gate;langs Dalsbergstien;59.922777;10.738655;462;Stensparken;ved Sporveisgata;59.92714;10.730981
2022-05-31 22:09:47.005000+00:00;2022-05-31 22:13:39.809000+00:00;232;398;Ringnes Park;ved Sannergata;59.92843404417577;10.75943014633117;442;Vulkan;ved Maridalsveien;59.92251;10.75101
2022-05-31 22:09:47.005000+00:00;2022-05-31 22:13:39.809000+00:00;232;398;Ringnes Park;ved Sannergata;59.92843404417577;10.75943014633117;442;Vulkan;ved Maridalsveien;59.92251;10.75101
2022-05-31 22:09:47.005000+00:00;2022-05-31 22:13:39.809000+00:00;232;398;Ringnes Park;ved Sannergata;59.92843404417577;10.75943014633117;442;Vulkan;ved Maridalsveien;59.92251;10.75101
2022-05-31 22:09:47.005000+00:00;2022-05-31 22:13:39.809000+00:00;232;398;Ringnes Park;ved Sannergata;59.92843404417577;10.75943014633117;442;Vulkan;ved Maridalsveien;59.92251;10.75101
2022-05-31 22:09:47.005000+00:00;2022-05-31 22:13:39.809000+00:00;232;398;Ringnes Park;ved Sannergata;59.92843404417577;10.75943014633117;442;Vulkan;ved Maridalsveien;59.92251;10.75101
2022-05-31 22:09:47.005000+00:00;2022-05-31 22:13:39.809000+00:00;232;398;Ringnes Park;ved Sannergata;59.92843404417577;10.75943014633117;442;Vulkan;ved Maridalsveien;59.92251;10.75101
2022-05-31 20:09:54.796000+00:00;2022-05-31 20:13:04.983000+00:00;190;391;St. Hanshaugen park vest;ved busstoppet Colletts gate;59.9268706;10.7384634;384;Vår Frelsers gravlund;langs Ullevålsveien;59.91944043984847;10.7437646218726
2022-05-31 20:09:57.736000+00:00;2022-05-31 20:25:29.049000+00:00;931;565;Mailundveien;sør for Torshovdalen;59.9309181;10.7728203;620;Bislettgata;ved Sofies Gate;59.92377440938114;10.734712874574
2022-05-31 20:10:08.411000+00:00;2022-05-31 20:19:40.956000+00:00;572;2333;Akerselvallmenningen;øst for Operaen;59.90725889890288;10.754884663589621;424;Birkelunden;langs Seilduksgata;59.9256113;10.760926
2022-05-31 20:10:11.745000+00:00;2022-05-31 20:19:03.931000+00:00;532;558;Dokkveien;ved Støperigata;59.910974;10.7277001;588;Meltzers gate;langs Skovveien;59.9180141;10.7184345
2022-05-31 20:10:37.390000+00:00;2022-05-31 20:34:07.531000+00:00;1410;607;Marcus Thranes gate;ved Akerselva;59.93277225626508;10.758594919923468;408;Tøyen skole;forsiden av skolebygget;59.914943;10.773977
2022-05-31 20:10:47.373000+00:00;2022-05-31 20:18:06.724000+00:00;439;458;Jenny Braatens Plass;langs Rosenhoffgata;59.928349;10.77837;607;Marcus Thranes gate;ved Akerselva;59.93277225626508;10.758594919923468
2022-05-31 20:10:58.149000+00:00;2022-05-31 20:27:55.506000+00:00;1017;2337;Universitetsgata;Hjørnet av Universitetsgata and Kristian IVs Gate;59.91591543378553;10.737834990277321;744;Hallénparken;ved Vogts gate;59.9315302;10.762169
2022-05-31 20:11:00.988000+00:00;2022-05-31 20:16:01.803000+00:00;300;522;Mandalls gate;ved Grønlandsleiret;59.9123469;10.7638147;735;Oslo Hospital;ved trikkestoppet;59.90321254732584;10.7673442932541
2022-05-31 20:11:19.066000+00:00;2022-05-31 20:24:46.728000+00:00;807;474;Blindern studentparkering;rett ved Blindern Studenterhjem;59.940873733543725;10.720778851520523;427;Briskeby;ved Uranienborg skole;59.920218;10.717978
2022-05-31 20:11:23.431000+00:00;2022-05-31 20:34:08.597000+00:00;1365;437;Sentrum Scene;ved Arbeidersamfunnets plass;59.91546786564256;10.751140873016311;484;Karenslyst allé;ved Skabos vei;59.92033;10.683814
2022-05-31 20:11:37.425000+00:00;2022-05-31 20:17:22.366000+00:00;344;597;Fredensborg;ved rundkjøringen;59.920995;10.750358;553;Skråninga;ved Torggata;59.9139786;10.7474667
2022-05-31 20:11:45.947000+00:00;2022-05-31 20:56:18.711000+00:00;2672;381;Grønlands torg;ved Tøyenbekken;59.91252;10.76224;381;Grønlands torg;ved Tøyenbekken;59.91252;10.76224
2022-05-31 20:12:05.210000+00:00;2022-05-31 20:15:59.006000+00:00;233;459;Valkyrieplassen;ved Bogstadveien;59.9281319;10.71842;564;Oscars gate;ved Hegdehaugsveien;59.9224222;10.7272388
2022-05-31 20:12:14.763000+00:00;2022-05-31 20:20:56.564000+00:00;521;412;Jakob kirke;langs Torggata;59.917866;10.754898;446;Bislett Stadion;ved rundkjøringen;59.925471317049954;10.73121932213806
2022-05-31 20:12:15.207000+00:00;2022-05-31 20:21:45.341000+00:00;570;412;Jakob kirke;langs Torggata;59.917866;10.754898;410;Landstads gate;langs Uelands gate;59.929005;10.7496755
2022-05-31 20:12:19.533000+00:00;2022-05-31 20:19:43.305000+00:00;443;623;7. juni-plassen;langs Henrik Ibsens gate;59.9150596;10.7312715;462;Stensparken;ved Sporveisgata;59.92714;10.730981
2022-05-31 20:13:03.501000+00:00;2022-05-31 20:22:24.445000+00:00;560;590;Majorstua skole;langs Bogstadveien;59.9294351;10.7136816;511;Henrik Ibsens gate;ved Parkveien;59.915088;10.7222803
2022-05-31 20:13:06.250000+00:00;2022-05-31 20:22:19.596000+00:00;553;388;Skovveien;langs Frognerveien;59.9163309;10.716349;462;Stensparken;ved Sporveisgata;59.92714;10.730981
2022-05-31 20:13:29.017000+00:00;2022-05-31 20:18:43.753000+00:00;314;421;Alexander Kiellands Plass;langs Maridalsveien;59.92806670615684;10.751202636819613;423;Schous plass;nærmest rundkjøringen;59.920335;10.760804
2022-05-31 20:14:21.217000+00:00;2022-05-31 20:23:16.138000+00:00;534;502;Ullevål sykehus;langs Kirkeveien;59.9360307;10.7364516;588;Meltzers gate;langs Skovveien;59.9180141;10.7184345
2022-05-31 20:14:38.978000+00:00;2022-05-31 20:23:45.484000+00:00;546;478;Jernbanetorget;Europarådets plass;59.911901;10.749929;1755;Aker Brygge;ved trikkestopp;59.91118372188379;10.730034556850455
2022-05-31 20:14:53.260000+00:00;2022-05-31 20:21:23.492000+00:00;390;465;Bjørvika;under broen Nylandsveien;59.909006;10.75618;522;Mandalls gate;ved Grønlandsleiret;59.9123469;10.7638147
2022-05-31 20:14:55.546000+00:00;2022-05-31 20:21:23.632000+00:00;388;594;Kampen park Øst;langs Bøgata;59.915182;10.782129;612;Ensjøveien;ved turvei;59.91662195885618;10.783309055819714
2022-05-31 20:14:56.267000+00:00;2022-05-31 20:21:19.702000+00:00;383;465;Bjørvika;under broen Nylandsveien;59.909006;10.75618;522;Mandalls gate;ved Grønlandsleiret;59.9123469;10.7638147
2022-05-31 20:14:58.325000+00:00;2022-05-31 20:18:25.983000+00:00;207;377;Tøyenparken;ved Caltexløkka;59.915667;10.7775665;507;Jens Bjelkes Gate;ved Trondheimsveien;59.91914743024347;10.76412958416006
2022-05-31 20:15:13.439000+00:00;2022-05-31 20:26:56.566000+00:00;703;505;Marienlystparken;langs Kirkeveien;59.93215;10.723478;549;Linaaes gate;langs Møllergata;59.91382393242077;10.745704482209018
2022-05-31 20:15:21.941000+00:00;2022-05-31 20:34:33.531000+00:00;1151;476;Edvard Storms gate;ved Pilestredet;59.919111;10.736179;614;Sinsen T-bane;langs Hans Nielsen Hauges gate;59.938863086921295;10.780603250331886
2022-05-31 20:15:28.724000+00:00;2022-05-31 20:21:21.052000+00:00;352;590;Majorstua skole;langs Bogstadveien;59.9294351;10.7136816;561;Kirkeveien;ved Gørbitz' gate;59.93347989334691;10.726294394131088
2022-05-31 20:16:41.027000+00:00;2022-05-31 20:20:00.742000+00:00;199;739;Hammersborg Torg;langs Møllergata;59.91652053839767;10.749202233135232;597;Fredensborg;ved rundkjøringen;59.920995;10.750358
2022-05-31 20:17:01.026000+00:00;2022-05-31 20:29:27.716000+00:00;746;394;Bjølsen Studentby;ved rundkjøringen;59.943777539367225;10.760121127577955;417;Uranienborgparken;langs Holtegata;59.922485;10.720896
2022-05-31 20:17:30.047000+00:00;2022-05-31 20:30:04.375000+00:00;754;600;Dyvekes bru;ved skatepark;59.905323;10.7689579;400;OsloMet;langs Pilestredet;59.919927;10.735428
2022-05-31 20:17:40.626000+00:00;2022-05-31 20:25:05.302000+00:00;444;397;Storo Storsenter;langs Vitaminveien;59.94671044754387;10.773805285879131;592;Badebakken;langs Maridalsveien;59.94558091179507;10.760323881579982
2022-05-31 20:17:47.269000+00:00;2022-05-31 20:24:44.997000+00:00;417;446;Bislett Stadion;ved rundkjøringen;59.925471317049954;10.73121932213806;739;Hammersborg Torg;langs Møllergata;59.91652053839767;10.749202233135232
2022-05-31 20:17:50.860000+00:00;2022-05-31 20:19:55.729000+00:00;124;616;Salt;ved Langkaia;59.906922167198275;10.746530272588245;616;Salt;ved Langkaia;59.906922167198275;10.746530272588245
2022-05-31 20:17:50.947000+00:00;2022-05-31 20:21:13.910000+00:00;202;554;Tåsen Senter;ved Rolf Wickstrøms vei;59.952659;10.751165;601;Rolf Wickstrøms vei;ved Bergrådveien;59.9534114;10.7577241
2022-05-31 20:18:09.620000+00:00;2022-05-31 20:28:38.719000+00:00;629;487;Carl Berners plass nord;ved Hasleveien;59.926929;10.776971;620;Bislettgata;ved Sofies Gate;59.92377440938114;10.734712874574
2022-05-31 20:18:19.705000+00:00;2022-05-31 20:28:55.671000+00:00;635;590;Majorstua skole;langs Bogstadveien;59.9294351;10.7136816;548;Colbjørnsens gate;ved Skovveien;59.91731888534716;10.716909039918278
2022-05-31 20:18:22.601000+00:00;2022-05-31 20:31:12.861000+00:00;770;384;Vår Frelsers gravlund;langs Ullevålsveien;59.91944043984847;10.7437646218726;486;Blindern Studenthus;langs Blindernveien;59.93522040770026;10.726476622250004
2022-05-31 20:18:40.403000+00:00;2022-05-31 20:48:31.303000+00:00;1790;569;Botanisk hage sør-vest;ved Sars' gate;59.91783548782385;10.766373769557958;412;Jakob kirke;langs Torggata;59.917866;10.754898
2022-05-31 20:18:49.281000+00:00;2022-05-31 20:24:08.425000+00:00;319;458;Jenny Braatens Plass;langs Rosenhoffgata;59.928349;10.77837;457;Trondheimsveien;ved trikkestoppet;59.9230577;10.7717192
2022-05-31 20:18:50.301000+00:00;2022-05-31 20:30:10.847000+00:00;680;551;Olaf Ryes plass;langs Sofienberggata;59.922425;10.758182;578;Hallings gate;langs Dalsbergstien;59.922777;10.738655
2022-05-31 20:19:24.100000+00:00;2022-05-31 20:30:08.724000+00:00;644;551;Olaf Ryes plass;langs Sofienberggata;59.922425;10.758182;578;Hallings gate;langs Dalsbergstien;59.922777;10.738655
2022-05-31 20:19:29.038000+00:00;2022-05-31 20:27:52.432000+00:00;503;553;Skråninga;ved Torggata;59.9139786;10.7474667;533;Sørvest for Slottsparken;langs Henrik Ibsens gate;59.915262;10.7253157
2022-05-31 20:19:44.959000+00:00;2022-05-31 20:26:47.063000+00:00;422;408;Tøyen skole;forsiden av skolebygget;59.914943;10.773977;406;Carl Berners plass sør;langs Finnmarkgata;59.92507;10.775996
2022-05-31 20:20:02.713000+00:00;2022-05-31 20:26:28.834000+00:00;386;430;Spikersuppa Vest;ved Nasjonalteateret;59.91372007130073;10.735886645853412;412;Jakob kirke;langs Torggata;59.917866;10.754898
2022-05-31 20:20:10.595000+00:00;2022-05-31 20:24:44.084000+00:00;273;2339;Elgsletta;langs Nylandsveien;59.91564920880896;10.761724502548105;455;Sofienbergparken sør;langs Sofienberggata;59.922337;10.7617503
2022-05-31 20:20:28.869000+00:00;2022-05-31 21:15:57.095000+00:00;3328;607;Marcus Thranes gate;ved Akerselva;59.93277225626508;10.758594919923468;423;Schous plass;nærmest rundkjøringen;59.920335;10.760804
2022-05-31 20:20:41.440000+00:00;2022-05-31 20:32:55.391000+00:00;733;541;Langkaia;langs Rådhusgata;59.9080552;10.7479977;537;St. Olavs gate;ved Pilestredet;59.9179676629428;10.738628884264756
2022-05-31 20:20:46.847000+00:00;2022-05-31 20:49:15.681000+00:00;1708;616;Salt;ved Langkaia;59.906922167198275;10.746530272588245;525;Myraløkka Øst;ved Bentsenbrua;59.937205;10.7605813
2022-05-31 20:21:00.329000+00:00;2022-05-31 20:29:36.158000+00:00;515;408;Tøyen skole;forsiden av skolebygget;59.914943;10.773977;598;Sofienbergparken nord;langs Helgesens gate;59.923229;10.766171
2022-05-31 20:21:41.964000+00:00;2022-05-31 20:34:05.426000+00:00;743;612;Ensjøveien;ved turvei;59.91662195885618;10.783309055819714;617;Bjerregaardsgate Øst;ved Uelands gate;59.92716771401357;10.749754560118863
2022-05-31 20:21:48.268000+00:00;2022-05-31 20:32:50.792000+00:00;662;432;St. Hanshaugen park sør;ved dammen;59.924821;10.739909;497;Sirkustomta;langs Finnmarksgata;59.919252;10.774712
2022-05-31 20:22:04.329000+00:00;2022-05-31 20:28:44.456000+00:00;400;607;Marcus Thranes gate;ved Akerselva;59.93277225626508;10.758594919923468;423;Schous plass;nærmest rundkjøringen;59.920335;10.760804
2022-05-31 20:22:42.755000+00:00;2022-05-31 20:29:04.763000+00:00;382;425;Adamstuen;ved trikkestoppen;59.932792;10.734457;499;Bjerregaards gate;ovenfor Fredrikke Qvams gate;59.925488;10.746058
2022-05-31 20:22:47.062000+00:00;2022-05-31 20:32:22.957000+00:00;575;529;Friggfeltet;langs Slemdalsveien;59.9327726;10.7114661;433;Ila;langs Uelandsgt ved Colletts;59.931828;10.748745
2022-05-31 20:22:53.446000+00:00;2022-05-31 20:32:31.861000+00:00;578;529;Friggfeltet;langs Slemdalsveien;59.9327726;10.7114661;433;Ila;langs Uelandsgt ved Colletts;59.931828;10.748745
2022-05-31 20:23:00.922000+00:00;2022-05-31 20:33:09.611000+00:00;608;529;Friggfeltet;langs Slemdalsveien;59.9327726;10.7114661;433;Ila;langs Uelandsgt ved Colletts;59.931828;10.748745
2022-05-31 20:23:32.263000+00:00;2022-05-31 20:29:19.722000+00:00;347;502;Ullevål sykehus;langs Kirkeveien;59.9360307;10.7364516;444;AHO;langs Maridalsveien;59.925265;10.750462
2022-05-31 20:23:39.453000+00:00;2022-05-31 20:47:38.252000+00:00;1438;593;Bjølsen mølle;langs Sandakerveien;59.9392403070359;10.768771317790996;506;Botanisk Hage vest;ved Blytts gate;59.92012811804052;10.768875408563598
2022-05-31 20:24:12.285000+00:00;2022-05-31 20:31:58.458000+00:00;466;389;Pilestredet Studenthus;ved Stensberggata;59.9205528;10.7342854;511;Henrik Ibsens gate;ved Parkveien;59.915088;10.7222803
2022-05-31 20:24:20.051000+00:00;2022-05-31 20:27:46.841000+00:00;206;501;Krebs' gate;ved Vogts gate;59.935995;10.765413;407;Sagene bussholdeplass;langs Kierschovs gate;59.937743;10.751648
2022-05-31 20:24:52.591000+00:00;2022-05-31 20:34:27.642000+00:00;575;486;Blindern Studenthus;langs Blindernveien;59.93522040770026;10.726476622250004;476;Edvard Storms gate;ved Pilestredet;59.919111;10.736179
2022-05-31 20:25:11.764000+00:00;2022-05-31 20:30:52.044000+00:00;340;592;Badebakken;langs Maridalsveien;59.94558091179507;10.760323881579982;407;Sagene bussholdeplass;langs Kierschovs gate;59.937743;10.751648
2022-05-31 20:25:42.926000+00:00;2022-05-31 20:31:15.223000+00:00;332;437;Sentrum Scene;ved Arbeidersamfunnets plass;59.91546786564256;10.751140873016311;1755;Aker Brygge;ved trikkestopp;59.91118372188379;10.730034556850455
2022-05-31 20:25:59.522000+00:00;2022-05-31 20:39:10.379000+00:00;790;385;Søndre gate;ved Ankerbrua;59.918632;10.757867;458;Jenny Braatens Plass;langs Rosenhoffgata;59.928349;10.77837
2022-05-31 20:26:13.606000+00:00;2022-05-31 20:27:44.202000+00:00;90;433;Ila;langs Uelandsgt ved Colletts;59.931828;10.748745;399;Uelands gate;Ved Ulvetrappen (Ilatrappen);59.929545;10.7489862
2022-05-31 20:26:19.172000+00:00;2022-05-31 20:28:39.581000+00:00;140;457;Trondheimsveien;ved trikkestoppet;59.9230577;10.7717192;493;Sofienbergparken nordvest;langs Helgesens Gate;59.9243639;10.7615858
2022-05-31 20:26:25.699000+00:00;2022-05-31 20:28:47.079000+00:00;141;408;Tøyen skole;forsiden av skolebygget;59.914943;10.773977;408;Tøyen skole;forsiden av skolebygget;59.914943;10.773977
2022-05-31 20:26:38.939000+00:00;2022-05-31 20:37:47.334000+00:00;668;478;Jernbanetorget;Europarådets plass;59.911901;10.749929;503;Fagerheimgata;ved Dælenenga busstopp;59.927605868377185;10.76598469881135
2022-05-31 20:26:41.954000+00:00;2022-05-31 20:34:29.574000+00:00;467;585;Nordre gate;ved Grünerbrua;59.92114988507087;10.754714015938562;480;Helga Helgesens plass;langs Grønlandsleiret;59.9121109;10.7661939
2022-05-31 20:27:22.884000+00:00;2022-05-31 20:58:36.919000+00:00;1874;521;Jess Carlsens gate;ved Hausmanns gate;59.9186359;10.7523939;617;Bjerregaardsgate Øst;ved Uelands gate;59.92716771401357;10.749754560118863
2022-05-31 20:27:32.817000+00:00;2022-05-31 20:31:40.036000+00:00;247;502;Ullevål sykehus;langs Kirkeveien;59.9360307;10.7364516;556;Pilestredet;ved Sporveisgata;59.9262242;10.7296246
2022-05-31 20:27:55.201000+00:00;2022-05-31 20:40:14.939000+00:00;739;384;Vår Frelsers gravlund;langs Ullevålsveien;59.91944043984847;10.7437646218726;412;Jakob kirke;langs Torggata;59.917866;10.754898
2022-05-31 20:27:58.717000+00:00;2022-05-31 20:30:46.619000+00:00;167;592;Badebakken;langs Maridalsveien;59.94558091179507;10.760323881579982;394;Bjølsen Studentby;ved rundkjøringen;59.943777539367225;10.760121127577955
2022-05-31 20:28:00.649000+00:00;2022-05-31 20:33:05.017000+00:00;304;598;Sofienbergparken nord;langs Helgesens gate;59.923229;10.766171;406;Carl Berners plass sør;langs Finnmarkgata;59.92507;10.775996
2022-05-31 20:28:20.449000+00:00;2022-05-31 20:44:47.549000+00:00;987;468;Skillebekk;langs Drammensveien;59.912793405455375;10.710103028570302;382;Stensgata;ved trikkestoppet;59.92958561753996;10.732839000000013
2022-05-31 20:28:23.100000+00:00;2022-05-31 20:33:56.126000+00:00;333;412;Jakob kirke;langs Torggata;59.917866;10.754898;455;Sofienbergparken sør;langs Sofienberggata;59.922337;10.7617503
2022-05-31 20:28:42.848000+00:00;2022-05-31 20:34:14.291000+00:00;331;444;AHO;langs Maridalsveien;59.925265;10.750462;489;Torggata;ved Bernt Ankers gate;59.91598309274519;10.75155119076095
2022-05-31 20:29:02.002000+00:00;2022-05-31 20:31:22.444000+00:00;140;401;Lille Schous plass;lengst vekk fra rundkjøring;59.920259;10.760629;598;Sofienbergparken nord;langs Helgesens gate;59.923229;10.766171
2022-05-31 20:29:08.125000+00:00;2022-05-31 20:38:43.898000+00:00;575;408;Tøyen skole;forsiden av skolebygget;59.914943;10.773977;537;St. Olavs gate;ved Pilestredet;59.9179676629428;10.738628884264756
2022-05-31 20:29:08.375000+00:00;2022-05-31 20:34:39.422000+00:00;331;2328;The Hub;Mellom Oslo City og The Hub hotel;59.912522370233745;10.750910185807754;465;Bjørvika;under broen Nylandsveien;59.909006;10.75618
2022-05-31 20:29:10.295000+00:00;2022-05-31 20:32:37.484000+00:00;207;512;Ensjø T-bane;langs Ensjøveien;59.9131891;10.7897605;581;Jordalgata;ved Galgeberg busstopp;59.908227;10.781088
2022-05-31 20:29:37.545000+00:00;2022-05-31 20:33:08.522000+00:00;210;425;Adamstuen;ved trikkestoppen;59.932792;10.734457;579;Bogstadveien;ved Sporveisgata;59.924732;10.724628
2022-05-31 20:29:42.647000+00:00;2022-05-31 20:51:57.128000+00:00;1334;524;Volvat;langs Sørkedalsveien;59.9330870371029;10.703967938028702;423;Schous plass;nærmest rundkjøringen;59.920335;10.760804
2022-05-31 20:29:58.573000+00:00;2022-05-31 20:39:10.184000+00:00;551;424;Birkelunden;langs Seilduksgata;59.9256113;10.760926;443;Sjøsiden ved trappen;Oslo S;59.910154466964954;10.751980909227372
2022-05-31 20:30:14.685000+00:00;2022-05-31 20:38:45.460000+00:00;510;501;Krebs' gate;ved Vogts gate;59.935995;10.765413;425;Adamstuen;ved trikkestoppen;59.932792;10.734457
2022-05-31 20:30:19.363000+00:00;2022-05-31 20:32:54.173000+00:00;154;553;Skråninga;ved Torggata;59.9139786;10.7474667;2308;Gunerius;utenfor Storgata 33;59.91459878869395;10.753398500006654
2022-05-31 20:30:30.102000+00:00;2022-05-31 20:40:38.172000+00:00;608;402;Lørenveien;sør for Lørenparken;59.93087712510462;10.791823716034969;525;Myraløkka Øst;ved Bentsenbrua;59.937205;10.7605813
2022-05-31 20:30:43.323000+00:00;2022-05-31 20:44:02.929000+00:00;799;739;Hammersborg Torg;langs Møllergata;59.91652053839767;10.749202233135232;548;Colbjørnsens gate;ved Skovveien;59.91731888534716;10.716909039918278
2022-05-31 20:30:50.008000+00:00;2022-05-31 20:45:28.902000+00:00;878;2270;Lørenporten;på torget utenfor Parallell;59.928710966693274;10.799914801820819;586;Københavngata busstopp;ved Fagerheim tennisklubb;59.9294565845173;10.769121495700826
2022-05-31 20:30:53.886000+00:00;2022-05-31 20:54:37.723000+00:00;1423;502;Ullevål sykehus;langs Kirkeveien;59.9360307;10.7364516;402;Lørenveien;sør for Lørenparken;59.93087712510462;10.791823716034969
2022-05-31 20:30:55.499000+00:00;2022-05-31 20:42:37.149000+00:00;701;394;Bjølsen Studentby;ved rundkjøringen;59.943777539367225;10.760121127577955;579;Bogstadveien;ved Sporveisgata;59.924732;10.724628
2022-05-31 20:30:57.218000+00:00;2022-05-31 20:40:06.348000+00:00;549;411;Hasle Torg;ved busstoppet;59.923240042155456;10.792831438028703;506;Botanisk Hage vest;ved Blytts gate;59.92012811804052;10.768875408563598
2022-05-31 20:31:20.912000+00:00;2022-05-31 20:40:43.981000+00:00;563;475;Hausmanns bru;langs Nylandsveien;59.9146509;10.7598719;410;Landstads gate;langs Uelands gate;59.929005;10.7496755
2022-05-31 20:31:53.977000+00:00;2022-05-31 21:27:30.609000+00:00;3336;470;St. Hanshaugen park nord;krysset Colletts gt / Geitmyrsveien;59.92979845370007;10.743540765932096;433;Ila;langs Uelandsgt ved Colletts;59.931828;10.748745
2022-05-31 20:32:13.527000+00:00;2022-05-31 20:40:32.446000+00:00;498;536;Diakonhjemmet;Diakonveien nær rundkjøring;59.9363277;10.7054333;462;Stensparken;ved Sporveisgata;59.92714;10.730981
2022-05-31 20:32:13.853000+00:00;2022-05-31 20:39:48.025000+00:00;454;502;Ullevål sykehus;langs Kirkeveien;59.9360307;10.7364516;424;Birkelunden;langs Seilduksgata;59.9256113;10.760926
2022-05-31 20:32:28.616000+00:00;2022-05-31 20:40:38.694000+00:00;490;421;Alexander Kiellands Plass;langs Maridalsveien;59.92806670615684;10.751202636819613;549;Linaaes gate;langs Møllergata;59.91382393242077;10.745704482209018
2022-05-31 20:32:41.487000+00:00;2022-05-31 20:54:34.609000+00:00;1313;393;Hans Nielsen Hauges plass;langs Hans Nielsen Hauges gate;59.939244;10.774319;532;Brynseng T-bane;Ved Østensjøveien;59.90918420865812;10.81431433498766
2022-05-31 20:32:48.084000+00:00;2022-05-31 20:38:05.906000+00:00;317;384;Vår Frelsers gravlund;langs Ullevålsveien;59.91944043984847;10.7437646218726;421;Alexander Kiellands Plass;langs Maridalsveien;59.92806670615684;10.751202636819613
2022-05-31 20:32:56.787000+00:00;2022-05-31 20:45:31.605000+00:00;754;787;Kirkegata 15;ved Kunnskapsdepartamentet;59.91015615055511;10.743456971511705;461;Vålerenga;langs Ingeborgs gate;59.908576;10.786856
2022-05-31 20:33:39.909000+00:00;2022-05-31 20:47:50.025000+00:00;850;474;Blindern studentparkering;rett ved Blindern Studenterhjem;59.940873733543725;10.720778851520523;388;Skovveien;langs Frognerveien;59.9163309;10.716349
2022-05-31 20:33:40.760000+00:00;2022-05-31 20:38:45.281000+00:00;304;382;Stensgata;ved trikkestoppet;59.92958561753996;10.732839000000013;537;St. Olavs gate;ved Pilestredet;59.9179676629428;10.738628884264756
2022-05-31 20:33:42.601000+00:00;2022-05-31 20:41:30.372000+00:00;467;444;AHO;langs Maridalsveien;59.925265;10.750462;383;Arkitekt Rivertz Plass;langs Uelands gate;59.934936;10.749466
2022-05-31 20:33:48.696000+00:00;2022-05-31 20:36:09.739000+00:00;141;432;St. Hanshaugen park sør;ved dammen;59.924821;10.739909;384;Vår Frelsers gravlund;langs Ullevålsveien;59.91944043984847;10.7437646218726
2022-05-31 20:34:03.234000+00:00;2022-05-31 20:43:41.403000+00:00;578;402;Lørenveien;sør for Lørenparken;59.93087712510462;10.791823716034969;2305;Hesselbergs Gate;ved Toftes Gate;59.92774803110845;10.761265771390583
2022-05-31 20:34:03.304000+00:00;2022-05-31 20:43:29.252000+00:00;565;402;Lørenveien;sør for Lørenparken;59.93087712510462;10.791823716034969;2305;Hesselbergs Gate;ved Toftes Gate;59.92774803110845;10.761265771390583
2022-05-31 20:34:16.062000+00:00;2022-05-31 20:48:40.252000+00:00;864;480;Helga Helgesens plass;langs Grønlandsleiret;59.9121109;10.7661939;493;Sofienbergparken nordvest;langs Helgesens Gate;59.9243639;10.7615858
2022-05-31 20:34:21.969000+00:00;2022-05-31 20:46:39.972000+00:00;738;2328;The Hub;Mellom Oslo City og The Hub hotel;59.912522370233745;10.750910185807754;461;Vålerenga;langs Ingeborgs gate;59.908576;10.786856
2022-05-31 20:34:28.158000+00:00;2022-05-31 20:46:46.918000+00:00;738;522;Mandalls gate;ved Grønlandsleiret;59.9123469;10.7638147;583;Galgeberg;langs St. Halvards gate;59.90707579234818;10.779164402446728
2022-05-31 20:34:33.833000+00:00;2022-05-31 20:37:31.148000+00:00;177;563;Huitfeldts gate;ved Observatoriegata;59.9126844;10.7229003;479;Tjuvholmen;ved Bryggegangen;59.909467;10.722509
2022-05-31 20:34:43.003000+00:00;2022-05-31 20:41:04.804000+00:00;381;522;Mandalls gate;ved Grønlandsleiret;59.9123469;10.7638147;600;Dyvekes bru;ved skatepark;59.905323;10.7689579
2022-05-31 20:35:08.199000+00:00;2022-05-31 20:39:23.545000+00:00;255;463;Schous plass trikkestopp;ved biblioteket;59.9207284;10.7594857;551;Olaf Ryes plass;langs Sofienberggata;59.922425;10.758182
2022-05-31 20:35:12.875000+00:00;2022-05-31 20:41:03.277000+00:00;350;384;Vår Frelsers gravlund;langs Ullevålsveien;59.91944043984847;10.7437646218726;391;St. Hanshaugen park vest;ved busstoppet Colletts gate;59.9268706;10.7384634
2022-05-31 20:35:41.418000+00:00;2022-05-31 20:46:52.402000+00:00;670;411;Hasle Torg;ved busstoppet;59.923240042155456;10.792831438028703;738;Lodalen busstopp;langs Dyvekes vei;59.9034528;10.777958
2022-05-31 20:36:14.790000+00:00;2022-05-31 20:42:54.637000+00:00;399;430;Spikersuppa Vest;ved Nasjonalteateret;59.91372007130073;10.735886645853412;385;Søndre gate;ved Ankerbrua;59.918632;10.757867
2022-05-31 20:36:29.978000+00:00;2022-05-31 20:38:09.707000+00:00;99;570;Frøen T-bane;langs Slemdalsveien;59.9347352;10.7096985;570;Frøen T-bane;langs Slemdalsveien;59.9347352;10.7096985
2022-05-31 20:36:32.437000+00:00;2022-05-31 20:49:35.059000+00:00;782;446;Bislett Stadion;ved rundkjøringen;59.925471317049954;10.73121932213806;380;Bentsebrugata;rett over busstoppet;59.93923;10.75917
2022-05-31 20:36:40.439000+00:00;2022-05-31 20:44:24.521000+00:00;464;387;Studenterlunden;langs Karl Johan;59.914586;10.735453;432;St. Hanshaugen park sør;ved dammen;59.924821;10.739909
2022-05-31 20:37:36.219000+00:00;2022-05-31 20:40:51.804000+00:00;195;390;Saga Kino;langs Olav Vs gate;59.91424026794647;10.732771354719745;530;Holbergs plass;ved Welhavens gate;59.9193095;10.7343051
2022-05-31 20:38:24.597000+00:00;2022-05-31 20:45:18.843000+00:00;414;540;Lilleborgbanen;langs Ole Bulls gate;59.93363159074286;10.769118139881124;431;Chr. Michelsens Gate;ved Fjellgata;59.927292;10.773185
2022-05-31 20:38:24.908000+00:00;2022-05-31 20:43:29.891000+00:00;304;570;Frøen T-bane;langs Slemdalsveien;59.9347352;10.7096985;508;Majorstuen T-bane;ved passasje mot Sørkedalsveien;59.92985724219502;10.714566236770679
2022-05-31 20:38:28.565000+00:00;2022-05-31 20:50:35.603000+00:00;727;590;Majorstua skole;langs Bogstadveien;59.9294351;10.7136816;608;Colletts gate;ved Diriks gate;59.93068679863987;10.746273349149249
2022-05-31 20:38:53.283000+00:00;2022-05-31 20:40:32.922000+00:00;99;540;Lilleborgbanen;langs Ole Bulls gate;59.93363159074286;10.769118139881124;540;Lilleborgbanen;langs Ole Bulls gate;59.93363159074286;10.769118139881124
2022-05-31 20:39:09.268000+00:00;2022-05-31 20:44:30.460000+00:00;321;499;Bjerregaards gate;ovenfor Fredrikke Qvams gate;59.925488;10.746058;433;Ila;langs Uelandsgt ved Colletts;59.931828;10.748745
2022-05-31 20:39:18.004000+00:00;2022-05-31 20:56:18.428000+00:00;1020;402;Lørenveien;sør for Lørenparken;59.93087712510462;10.791823716034969;400;OsloMet;langs Pilestredet;59.919927;10.735428
2022-05-31 20:39:19.414000+00:00;2022-05-31 20:53:51.637000+00:00;872;435;Fram-gården;langs Bygdøy Allé;59.915424;10.714577;437;Sentrum Scene;ved Arbeidersamfunnets plass;59.91546786564256;10.751140873016311
2022-05-31 20:39:19.800000+00:00;2022-05-31 20:50:07.721000+00:00;647;579;Bogstadveien;ved Sporveisgata;59.924732;10.724628;450;Elisenberg;ved holdeplassen;59.919524;10.70884
2022-05-31 20:39:27.087000+00:00;2022-05-31 20:52:46.103000+00:00;799;384;Vår Frelsers gravlund;langs Ullevålsveien;59.91944043984847;10.7437646218726;2315;Rostockgata;utenfor Bjørvika visningssenter;59.90691970255054;10.760311802881915
2022-05-31 20:40:00.258000+00:00;2022-05-31 20:54:29.431000+00:00;869;549;Linaaes gate;langs Møllergata;59.91382393242077;10.745704482209018;2339;Elgsletta;langs Nylandsveien;59.91564920880896;10.761724502548105
2022-05-31 20:40:04.723000+00:00;2022-05-31 20:49:34.562000+00:00;569;2337;Universitetsgata;Hjørnet av Universitetsgata and Kristian IVs Gate;59.91591543378553;10.737834990277321;480;Helga Helgesens plass;langs Grønlandsleiret;59.9121109;10.7661939
2022-05-31 20:40:04.795000+00:00;2022-05-31 20:44:27.878000+00:00;263;590;Majorstua skole;langs Bogstadveien;59.9294351;10.7136816;579;Bogstadveien;ved Sporveisgata;59.924732;10.724628
2022-05-31 20:40:34.866000+00:00;2022-05-31 20:52:17.901000+00:00;703;540;Lilleborgbanen;langs Ole Bulls gate;59.93363159074286;10.769118139881124;483;Hausmanns gate;ved Røde Kors;59.915451;10.758328
2022-05-31 20:40:41.464000+00:00;2022-05-31 20:43:31.649000+00:00;170;620;Bislettgata;ved Sofies Gate;59.92377440938114;10.734712874574;562;Slottsparken Øst;ved Nordraaks plass;59.917485;10.732128
2022-05-31 20:40:51.337000+00:00;2022-05-31 21:04:00.311000+00:00;1388;460;Botanisk Hage sør;langs Jens Bjelkes gate;59.915417698024385;10.76933022142641;476;Edvard Storms gate;ved Pilestredet;59.919111;10.736179
2022-05-31 20:40:57.601000+00:00;2022-05-31 20:48:39.089000+00:00;461;540;Lilleborgbanen;langs Ole Bulls gate;59.93363159074286;10.769118139881124;489;Torggata;ved Bernt Ankers gate;59.91598309274519;10.75155119076095
2022-05-31 20:41:37.344000+00:00;2022-05-31 20:44:38.084000+00:00;180;590;Majorstua skole;langs Bogstadveien;59.9294351;10.7136816;436;Vestkanttorvet;langs Tidemands gate;59.9244031;10.7130691
2022-05-31 20:41:44.457000+00:00;2022-05-31 20:54:10.747000+00:00;746;577;Arkaden Nord;langs Dronningens gate;59.9121472;10.7480527;403;Parkveien;ved trikkestoppet;59.921768;10.730476
2022-05-31 20:41:57+00:00;2022-05-31 20:48:10.835000+00:00;373;738;Lodalen busstopp;langs Dyvekes vei;59.9034528;10.777958;599;Paléhaven;langs Strandgata;59.910331;10.75011
2022-05-31 20:42:04.764000+00:00;2022-05-31 20:50:43.583000+00:00;518;489;Torggata;ved Bernt Ankers gate;59.91598309274519;10.75155119076095;410;Landstads gate;langs Uelands gate;59.929005;10.7496755
2022-05-31 20:42:14.785000+00:00;2022-05-31 20:52:47.450000+00:00;632;427;Briskeby;ved Uranienborg skole;59.920218;10.717978;499;Bjerregaards gate;ovenfor Fredrikke Qvams gate;59.925488;10.746058
2022-05-31 20:42:59.554000+00:00;2022-05-31 20:53:13.227000+00:00;613;496;Fysikkbygningen;ved Sem Sælands vei;59.937957367051965;10.719488529430388;744;Hallénparken;ved Vogts gate;59.9315302;10.762169
2022-05-31 20:43:05.757000+00:00;2022-05-31 20:49:50.255000+00:00;404;407;Sagene bussholdeplass;langs Kierschovs gate;59.937743;10.751648;521;Jess Carlsens gate;ved Hausmanns gate;59.9186359;10.7523939
2022-05-31 20:43:40.895000+00:00;2022-05-31 20:46:21.731000+00:00;160;530;Holbergs plass;ved Welhavens gate;59.9193095;10.7343051;390;Saga Kino;langs Olav Vs gate;59.91424026794647;10.732771354719745
2022-05-31 20:43:41.251000+00:00;2022-05-31 21:00:13.751000+00:00;992;427;Briskeby;ved Uranienborg skole;59.920218;10.717978;423;Schous plass;nærmest rundkjøringen;59.920335;10.760804
2022-05-31 20:44:04.197000+00:00;2022-05-31 20:52:32.873000+00:00;508;607;Marcus Thranes gate;ved Akerselva;59.93277225626508;10.758594919923468;408;Tøyen skole;forsiden av skolebygget;59.914943;10.773977
2022-05-31 20:44:19.336000+00:00;2022-05-31 20:45:59.008000+00:00;99;619;Bak Niels Treschows hus nord;ved parkeringsplassen;59.942780248542554;10.722993731144015;619;Bak Niels Treschows hus nord;ved parkeringsplassen;59.942780248542554;10.722993731144015
2022-05-31 20:44:35.299000+00:00;2022-05-31 20:49:40.508000+00:00;305;397;Storo Storsenter;langs Vitaminveien;59.94671044754387;10.773805285879131;540;Lilleborgbanen;langs Ole Bulls gate;59.93363159074286;10.769118139881124
2022-05-31 20:44:36.874000+00:00;2022-05-31 21:00:57.579000+00:00;980;502;Ullevål sykehus;langs Kirkeveien;59.9360307;10.7364516;614;Sinsen T-bane;langs Hans Nielsen Hauges gate;59.938863086921295;10.780603250331886
2022-05-31 20:45:13.248000+00:00;2022-05-31 20:51:56.994000+00:00;403;578;Hallings gate;langs Dalsbergstien;59.922777;10.738655;563;Huitfeldts gate;ved Observatoriegata;59.9126844;10.7229003
2022-05-31 20:45:51.519000+00:00;2022-05-31 20:56:49.646000+00:00;658;583;Galgeberg;langs St. Halvards gate;59.90707579234818;10.779164402446728;493;Sofienbergparken nordvest;langs Helgesens Gate;59.9243639;10.7615858
2022-05-31 20:45:59.631000+00:00;2022-05-31 20:54:52.280000+00:00;532;556;Pilestredet;ved Sporveisgata;59.9262242;10.7296246;421;Alexander Kiellands Plass;langs Maridalsveien;59.92806670615684;10.751202636819613
2022-05-31 20:46:05.527000+00:00;2022-05-31 20:52:56.573000+00:00;411;619;Bak Niels Treschows hus nord;ved parkeringsplassen;59.942780248542554;10.722993731144015;383;Arkitekt Rivertz Plass;langs Uelands gate;59.934936;10.749466
2022-05-31 20:46:21.358000+00:00;2022-05-31 20:58:52.161000+00:00;750;2309;Ulven Torg;"innenfor byggegjerdene; sør for Ulvenveien";59.92472050943934;10.810727302805304;586;Københavngata busstopp;ved Fagerheim tennisklubb;59.9294565845173;10.769121495700826
2022-05-31 20:46:25.350000+00:00;2022-05-31 20:56:47.935000+00:00;622;583;Galgeberg;langs St. Halvards gate;59.90707579234818;10.779164402446728;493;Sofienbergparken nordvest;langs Helgesens Gate;59.9243639;10.7615858
2022-05-31 20:46:26.984000+00:00;2022-05-31 20:56:16.229000+00:00;589;434;Lindern;krysset ved Kirkeveien og Stensgata;59.9358883;10.7350062;476;Edvard Storms gate;ved Pilestredet;59.919111;10.736179
2022-05-31 20:46:38.307000+00:00;2022-05-31 20:49:39.493000+00:00;181;394;Bjølsen Studentby;ved rundkjøringen;59.943777539367225;10.760121127577955;525;Myraløkka Øst;ved Bentsenbrua;59.937205;10.7605813
2022-05-31 20:47:01.137000+00:00;2022-05-31 20:52:09.626000+00:00;308;408;Tøyen skole;forsiden av skolebygget;59.914943;10.773977;412;Jakob kirke;langs Torggata;59.917866;10.754898
2022-05-31 20:47:15.771000+00:00;2022-05-31 20:57:49.059000+00:00;633;489;Torggata;ved Bernt Ankers gate;59.91598309274519;10.75155119076095;744;Hallénparken;ved Vogts gate;59.9315302;10.762169
2022-05-31 20:47:46.955000+00:00;2022-05-31 20:53:29.311000+00:00;342;428;Olav Kyrres plass;ved den sveitsiske ambassade;59.9193337;10.6968953;568;Frognerveien;ved Vestheimgata;59.9170851;10.7128796
2022-05-31 20:48:05.966000+00:00;2022-05-31 20:56:23.471000+00:00;497;622;Pilestredet 63;ved trikkestoppet;59.9238826;10.7313627;561;Kirkeveien;ved Gørbitz' gate;59.93347989334691;10.726294394131088
2022-05-31 20:48:09.264000+00:00;2022-05-31 21:00:56.028000+00:00;766;384;Vår Frelsers gravlund;langs Ullevålsveien;59.91944043984847;10.7437646218726;473;Majorstuveien;langs Maries gate;59.926697;10.716195
2022-05-31 20:48:47.669000+00:00;2022-05-31 21:03:12.529000+00:00;864;567;Forskningsveien;ved SINTEF;59.945450633702556;10.713867957672134;499;Bjerregaards gate;ovenfor Fredrikke Qvams gate;59.925488;10.746058
2022-05-31 20:48:51.348000+00:00;2022-05-31 20:59:24.075000+00:00;632;409;John Colletts plass;ved Sognsveien;59.940398;10.730036;499;Bjerregaards gate;ovenfor Fredrikke Qvams gate;59.925488;10.746058
2022-05-31 20:49:44.273000+00:00;2022-05-31 20:55:41.211000+00:00;356;390;Saga Kino;langs Olav Vs gate;59.91424026794647;10.732771354719745;389;Pilestredet Studenthus;ved Stensberggata;59.9205528;10.7342854
2022-05-31 20:52:29.984000+00:00;2022-05-31 21:03:41.689000+00:00;671;625;Spikersuppa Øst;ved Stortinget;59.91336;10.737663;514;Sofienberggata;ved Sars gate;59.9212063;10.7699892
2022-05-31 20:52:39.388000+00:00;2022-05-31 21:03:08.885000+00:00;629;502;Ullevål sykehus;langs Kirkeveien;59.9360307;10.7364516;503;Fagerheimgata;ved Dælenenga busstopp;59.927605868377185;10.76598469881135
2022-05-31 20:52:52.652000+00:00;2022-05-31 21:08:15.466000+00:00;922;549;Linaaes gate;langs Møllergata;59.91382393242077;10.745704482209018;521;Jess Carlsens gate;ved Hausmanns gate;59.9186359;10.7523939
2022-05-31 20:53:20.402000+00:00;2022-05-31 21:06:56.201000+00:00;815;443;Sjøsiden ved trappen;Oslo S;59.910154466964954;10.751980909227372;384;Vår Frelsers gravlund;langs Ullevålsveien;59.91944043984847;10.7437646218726
2022-05-31 20:53:24.120000+00:00;2022-05-31 20:58:27.866000+00:00;303;549;Linaaes gate;langs Møllergata;59.91382393242077;10.745704482209018;509;Kjeld Stubs gate;ved hjørnet Tordenskiolds gate;59.912711;10.735595
2022-05-31 20:53:31.943000+00:00;2022-05-31 20:59:51.415000+00:00;379;502;Ullevål sykehus;langs Kirkeveien;59.9360307;10.7364516;398;Ringnes Park;ved Sannergata;59.92843404417577;10.75943014633117
2022-05-31 20:53:38.756000+00:00;2022-05-31 21:04:42.274000+00:00;663;590;Majorstua skole;langs Bogstadveien;59.9294351;10.7136816;531;Monolittveien;like ved Smestaddammen;59.935947;10.681138
2022-05-31 20:53:57.544000+00:00;2022-05-31 20:58:00.997000+00:00;243;403;Parkveien;ved trikkestoppet;59.921768;10.730476;404;Oslo Handelsgymnasium;ved Solligata;59.914306;10.720202
2022-05-31 20:54:31.946000+00:00;2022-05-31 20:57:48.327000+00:00;196;2334;Nybrua holdeplass;Vest for Storgata der den krysser Hausmanns gate;59.916544926082935;10.757428972017067;569;Botanisk hage sør-vest;ved Sars' gate;59.91783548782385;10.766373769557958
2022-05-31 20:55:09.306000+00:00;2022-05-31 21:03:41.394000+00:00;512;525;Myraløkka Øst;ved Bentsenbrua;59.937205;10.7605813;399;Uelands gate;Ved Ulvetrappen (Ilatrappen);59.929545;10.7489862
2022-05-31 20:55:14.004000+00:00;2022-05-31 21:04:56.234000+00:00;582;735;Oslo Hospital;ved trikkestoppet;59.90321254732584;10.7673442932541;2304;Hedmarksgata;ved Jordal Amfi;59.91178403655783;10.783884345957915
2022-05-31 20:55:15.614000+00:00;2022-05-31 20:56:19.804000+00:00;64;525;Myraløkka Øst;ved Bentsenbrua;59.937205;10.7605813;525;Myraløkka Øst;ved Bentsenbrua;59.937205;10.7605813
2022-05-31 20:55:24.504000+00:00;2022-05-31 21:05:37.823000+00:00;613;614;Sinsen T-bane;langs Hans Nielsen Hauges gate;59.938863086921295;10.780603250331886;431;Chr. Michelsens Gate;ved Fjellgata;59.927292;10.773185
2022-05-31 20:55:27.135000+00:00;2022-05-31 20:58:41.245000+00:00;194;500;Anker Hotel;langs Storgata;59.9172794;10.7581553;2328;The Hub;Mellom Oslo City og The Hub hotel;59.912522370233745;10.750910185807754
2022-05-31 20:55:46.599000+00:00;2022-05-31 21:05:38.252000+00:00;591;614;Sinsen T-bane;langs Hans Nielsen Hauges gate;59.938863086921295;10.780603250331886;431;Chr. Michelsens Gate;ved Fjellgata;59.927292;10.773185
2022-05-31 20:55:49.045000+00:00;2022-05-31 21:05:31.701000+00:00;582;387;Studenterlunden;langs Karl Johan;59.914586;10.735453;568;Frognerveien;ved Vestheimgata;59.9170851;10.7128796
2022-05-31 20:56:07.358000+00:00;2022-05-31 21:02:46.647000+00:00;399;623;7. juni-plassen;langs Henrik Ibsens gate;59.9150596;10.7312715;427;Briskeby;ved Uranienborg skole;59.920218;10.717978
2022-05-31 20:56:24.651000+00:00;2022-05-31 21:19:01.112000+00:00;1356;485;Sommerfrydhagen;langs Jens Bjelkes gate;59.911453;10.776072;596;Idioten;langs Ullevålsveien;59.931020132184614;10.736036647971048
2022-05-31 20:56:36.945000+00:00;2022-05-31 21:03:50.043000+00:00;433;525;Myraløkka Øst;ved Bentsenbrua;59.937205;10.7605813;399;Uelands gate;Ved Ulvetrappen (Ilatrappen);59.929545;10.7489862
2022-05-31 20:56:37.696000+00:00;2022-05-31 21:02:36.021000+00:00;358;390;Saga Kino;langs Olav Vs gate;59.91424026794647;10.732771354719745;547;Skippergata;ved Karl Johans gate;59.9112227;10.7481976
2022-05-31 20:56:39.065000+00:00;2022-05-31 21:06:36.244000+00:00;597;489;Torggata;ved Bernt Ankers gate;59.91598309274519;10.75155119076095;457;Trondheimsveien;ved trikkestoppet;59.9230577;10.7717192
2022-05-31 20:56:54.869000+00:00;2022-05-31 21:02:44.938000+00:00;350;553;Skråninga;ved Torggata;59.9139786;10.7474667;401;Lille Schous plass;lengst vekk fra rundkjøring;59.920259;10.760629
2022-05-31 20:57:11.402000+00:00;2022-05-31 21:08:52.873000+00:00;701;496;Fysikkbygningen;ved Sem Sælands vei;59.937957367051965;10.719488529430388;501;Krebs' gate;ved Vogts gate;59.935995;10.765413
2022-05-31 20:57:14.645000+00:00;2022-05-31 21:02:34.030000+00:00;319;499;Bjerregaards gate;ovenfor Fredrikke Qvams gate;59.925488;10.746058;423;Schous plass;nærmest rundkjøringen;59.920335;10.760804
2022-05-31 20:57:20.022000+00:00;2022-05-31 21:08:26.031000+00:00;666;623;7. juni-plassen;langs Henrik Ibsens gate;59.9150596;10.7312715;410;Landstads gate;langs Uelands gate;59.929005;10.7496755
2022-05-31 20:57:31.246000+00:00;2022-05-31 21:01:49.866000+00:00;258;495;Vaterlandsparken;langs Brugata;59.91351552854147;10.757334670552268;412;Jakob kirke;langs Torggata;59.917866;10.754898
2022-05-31 20:57:55.797000+00:00;2022-05-31 21:02:42.395000+00:00;286;537;St. Olavs gate;ved Pilestredet;59.9179676629428;10.738628884264756;615;Munkedamsveien;ved Haakon VIIs gate;59.9135227;10.7301061
2022-05-31 20:57:56.080000+00:00;2022-05-31 21:07:52.262000+00:00;596;1101;Stortingstunellen;langs Rådhusgata;59.91065301806209;10.737365277561025;403;Parkveien;ved trikkestoppet;59.921768;10.730476
2022-05-31 20:58:33.444000+00:00;2022-05-31 21:02:35.060000+00:00;241;574;Annette Thommessens Plass;langs Schweigaards gate;59.9107393;10.7609998;478;Jernbanetorget;Europarådets plass;59.911901;10.749929
2022-05-31 20:58:51.423000+00:00;2022-05-31 21:04:44.234000+00:00;352;519;Thomas Heftyes plass;ved Bygdøy allé;59.918578143336774;10.703899530059402;456;Frognerstranda;ved Kongen Marina;59.9103558;10.7051061
2022-05-31 20:59:13.913000+00:00;2022-05-31 21:07:19.672000+00:00;485;398;Ringnes Park;ved Sannergata;59.92843404417577;10.75943014633117;446;Bislett Stadion;ved rundkjøringen;59.925471317049954;10.73121932213806
2022-05-31 20:59:18.966000+00:00;2022-05-31 21:00:58.791000+00:00;99;493;Sofienbergparken nordvest;langs Helgesens Gate;59.9243639;10.7615858;493;Sofienbergparken nordvest;langs Helgesens Gate;59.9243639;10.7615858
2022-05-31 20:59:49.356000+00:00;2022-05-31 21:16:31.991000+00:00;1002;446;Bislett Stadion;ved rundkjøringen;59.925471317049954;10.73121932213806;423;Schous plass;nærmest rundkjøringen;59.920335;10.760804
2022-05-31 20:59:50.530000+00:00;2022-05-31 21:14:57.999000+00:00;907;421;Alexander Kiellands Plass;langs Maridalsveien;59.92806670615684;10.751202636819613;415;Sinsenveien;ved Kongehellegata;59.929542;10.781053
2022-05-31 20:59:55.846000+00:00;2022-05-31 21:06:01.530000+00:00;365;480;Helga Helgesens plass;langs Grønlandsleiret;59.9121109;10.7661939;598;Sofienbergparken nord;langs Helgesens gate;59.923229;10.766171
2022-05-31 21:00:08.167000+00:00;2022-05-31 21:15:37.385000+00:00;929;446;Bislett Stadion;ved rundkjøringen;59.925471317049954;10.73121932213806;463;Schous plass trikkestopp;ved biblioteket;59.9207284;10.7594857
2022-05-31 21:00:20.834000+00:00;2022-05-31 21:09:58.144000+00:00;577;578;Hallings gate;langs Dalsbergstien;59.922777;10.738655;431;Chr. Michelsens Gate;ved Fjellgata;59.927292;10.773185
2022-05-31 21:00:53.571000+00:00;2022-05-31 21:13:31.585000+00:00;758;521;Jess Carlsens gate;ved Hausmanns gate;59.9186359;10.7523939;404;Oslo Handelsgymnasium;ved Solligata;59.914306;10.720202
2022-05-31 21:01:05.359000+00:00;2022-05-31 21:09:39.807000+00:00;514;412;Jakob kirke;langs Torggata;59.917866;10.754898;457;Trondheimsveien;ved trikkestoppet;59.9230577;10.7717192
2022-05-31 21:02:01.602000+00:00;2022-05-31 21:14:28.523000+00:00;746;390;Saga Kino;langs Olav Vs gate;59.91424026794647;10.732771354719745;423;Schous plass;nærmest rundkjøringen;59.920335;10.760804
2022-05-31 21:02:18.419000+00:00;2022-05-31 21:06:26.182000+00:00;247;602;Jarlsborgveien;ved Hoffsveien;59.9304645;10.6757833;572;Skøyen;under broen;59.92226850808104;10.679579749668129
2022-05-31 21:02:56.070000+00:00;2022-05-31 21:06:16.396000+00:00;200;439;Mølleparken;ved Sannerbrua;59.9283928;10.7559693;598;Sofienbergparken nord;langs Helgesens gate;59.923229;10.766171
2022-05-31 21:03:19.364000+00:00;2022-05-31 21:29:27.309000+00:00;1567;570;Frøen T-bane;langs Slemdalsveien;59.9347352;10.7096985;588;Meltzers gate;langs Skovveien;59.9180141;10.7184345
2022-05-31 21:03:43.724000+00:00;2022-05-31 21:09:06.481000+00:00;322;620;Bislettgata;ved Sofies Gate;59.92377440938114;10.734712874574;384;Vår Frelsers gravlund;langs Ullevålsveien;59.91944043984847;10.7437646218726
2022-05-31 21:03:51.070000+00:00;2022-05-31 21:08:31.416000+00:00;280;585;Nordre gate;ved Grünerbrua;59.92114988507087;10.754714015938562;483;Hausmanns gate;ved Røde Kors;59.915451;10.758328
2022-05-31 21:03:55.654000+00:00;2022-05-31 21:13:13.943000+00:00;558;547;Skippergata;ved Karl Johans gate;59.9112227;10.7481976;2305;Hesselbergs Gate;ved Toftes Gate;59.92774803110845;10.761265771390583
2022-05-31 21:05:29.245000+00:00;2022-05-31 21:11:24.928000+00:00;355;456;Frognerstranda;ved Kongen Marina;59.9103558;10.7051061;468;Skillebekk;langs Drammensveien;59.912793405455375;10.710103028570302
2022-05-31 21:05:42.016000+00:00;2022-05-31 21:14:38.807000+00:00;536;491;Brugata;ved Chr Kroghs gate;59.91366109486603;10.75729364846211;617;Bjerregaardsgate Øst;ved Uelands gate;59.92716771401357;10.749754560118863
2022-05-31 21:06:09.930000+00:00;2022-05-31 21:13:32.517000+00:00;442;521;Jess Carlsens gate;ved Hausmanns gate;59.9186359;10.7523939;506;Botanisk Hage vest;ved Blytts gate;59.92012811804052;10.768875408563598
2022-05-31 21:06:41.382000+00:00;2022-05-31 21:13:39.214000+00:00;417;521;Jess Carlsens gate;ved Hausmanns gate;59.9186359;10.7523939;506;Botanisk Hage vest;ved Blytts gate;59.92012811804052;10.768875408563598
2022-05-31 21:07:13.907000+00:00;2022-05-31 21:16:39.236000+00:00;565;390;Saga Kino;langs Olav Vs gate;59.91424026794647;10.732771354719745;495;Vaterlandsparken;langs Brugata;59.91351552854147;10.757334670552268
2022-05-31 21:07:23.721000+00:00;2022-05-31 21:17:22.545000+00:00;598;425;Adamstuen;ved trikkestoppen;59.932792;10.734457;499;Bjerregaards gate;ovenfor Fredrikke Qvams gate;59.925488;10.746058
2022-05-31 21:07:27.725000+00:00;2022-05-31 21:17:54.304000+00:00;626;390;Saga Kino;langs Olav Vs gate;59.91424026794647;10.732771354719745;518;Ullevålsveien;ved taxi stoppen;59.9246852;10.7395045
2022-05-31 21:07:29.882000+00:00;2022-05-31 21:13:20.462000+00:00;350;398;Ringnes Park;ved Sannergata;59.92843404417577;10.75943014633117;406;Carl Berners plass sør;langs Finnmarkgata;59.92507;10.775996
2022-05-31 21:07:30.847000+00:00;2022-05-31 21:15:17.623000+00:00;466;508;Majorstuen T-bane;ved passasje mot Sørkedalsveien;59.92985724219502;10.714566236770679;435;Fram-gården;langs Bygdøy Allé;59.915424;10.714577
2022-05-31 21:07:31.090000+00:00;2022-05-31 21:22:09.454000+00:00;878;2333;Akerselvallmenningen;øst for Operaen;59.90725889890288;10.754884663589621;398;Ringnes Park;ved Sannergata;59.92843404417577;10.75943014633117
2022-05-31 21:08:06.655000+00:00;2022-05-31 21:35:12.816000+00:00;1626;478;Jernbanetorget;Europarådets plass;59.911901;10.749929;570;Frøen T-bane;langs Slemdalsveien;59.9347352;10.7096985
2022-05-31 21:08:09.929000+00:00;2022-05-31 21:17:46.007000+00:00;576;578;Hallings gate;langs Dalsbergstien;59.922777;10.738655;624;Dælenenggata;ved Fagerheimgata;59.9287502718149;10.767546377298158
2022-05-31 21:08:24.126000+00:00;2022-05-31 21:13:45.486000+00:00;321;545;Arkaden Sør;langs Dronningens gate;59.9119691;10.7478583;464;Sukkerbiten;ved gangbroen;59.905124380703484;10.753763553726515
2022-05-31 21:09:21.399000+00:00;2022-05-31 21:31:56.763000+00:00;1355;583;Galgeberg;langs St. Halvards gate;59.90707579234818;10.779164402446728;600;Dyvekes bru;ved skatepark;59.905323;10.7689579
2022-05-31 21:10:27.351000+00:00;2022-05-31 21:17:51.326000+00:00;443;561;Kirkeveien;ved Gørbitz' gate;59.93347989334691;10.726294394131088;555;Griffenfeldts gate;ved Colletts gate;59.9337026;10.7519299
2022-05-31 21:10:28.125000+00:00;2022-05-31 21:19:32.203000+00:00;544;744;Hallénparken;ved Vogts gate;59.9315302;10.762169;485;Sommerfrydhagen;langs Jens Bjelkes gate;59.911453;10.776072
2022-05-31 21:10:28.869000+00:00;2022-05-31 21:49:03.345000+00:00;2314;534;Filipstadveien;langs busslommen;59.9102277;10.7208788;448;Oslo Plaza;ved rundkjøringen;59.91218291295141;10.7544337247013
2022-05-31 21:10:36.476000+00:00;2022-05-31 21:32:10.789000+00:00;1294;600;Dyvekes bru;ved skatepark;59.905323;10.7689579;446;Bislett Stadion;ved rundkjøringen;59.925471317049954;10.73121932213806
2022-05-31 21:10:36.531000+00:00;2022-05-31 21:19:30.024000+00:00;533;408;Tøyen skole;forsiden av skolebygget;59.914943;10.773977;458;Jenny Braatens Plass;langs Rosenhoffgata;59.928349;10.77837
2022-05-31 21:11:19.436000+00:00;2022-05-31 21:32:09.407000+00:00;1249;600;Dyvekes bru;ved skatepark;59.905323;10.7689579;446;Bislett Stadion;ved rundkjøringen;59.925471317049954;10.73121932213806
2022-05-31 21:11:29.042000+00:00;2022-05-31 21:22:12.553000+00:00;643;611;Bankplassen;ved Kirkegata;59.908454;10.741869;410;Landstads gate;langs Uelands gate;59.929005;10.7496755
2022-05-31 21:12:03.063000+00:00;2022-05-31 21:25:32.651000+00:00;809;393;Hans Nielsen Hauges plass;langs Hans Nielsen Hauges gate;59.939244;10.774319;433;Ila;langs Uelandsgt ved Colletts;59.931828;10.748745
2022-05-31 21:12:10.875000+00:00;2022-05-31 21:22:19.121000+00:00;608;439;Mølleparken;ved Sannerbrua;59.9283928;10.7559693;462;Stensparken;ved Sporveisgata;59.92714;10.730981
2022-05-31 21:12:13.624000+00:00;2022-05-31 21:17:25.030000+00:00;311;590;Majorstua skole;langs Bogstadveien;59.9294351;10.7136816;427;Briskeby;ved Uranienborg skole;59.920218;10.717978
2022-05-31 21:13:05.148000+00:00;2022-05-31 21:21:28.311000+00:00;503;437;Sentrum Scene;ved Arbeidersamfunnets plass;59.91546786564256;10.751140873016311;410;Landstads gate;langs Uelands gate;59.929005;10.7496755
2022-05-31 21:13:07.027000+00:00;2022-05-31 21:33:08.991000+00:00;1201;620;Bislettgata;ved Sofies Gate;59.92377440938114;10.734712874574;518;Ullevålsveien;ved taxi stoppen;59.9246852;10.7395045
2022-05-31 21:13:28.980000+00:00;2022-05-31 21:20:49.544000+00:00;440;387;Studenterlunden;langs Karl Johan;59.914586;10.735453;499;Bjerregaards gate;ovenfor Fredrikke Qvams gate;59.925488;10.746058
2022-05-31 21:14:17.777000+00:00;2022-05-31 21:22:27.580000+00:00;489;561;Kirkeveien;ved Gørbitz' gate;59.93347989334691;10.726294394131088;626;Drammensveien;ved Ingar Nilsens vei;59.9204038;10.691147
2022-05-31 21:15:12.393000+00:00;2022-05-31 21:21:25.066000+00:00;372;597;Fredensborg;ved rundkjøringen;59.920995;10.750358;623;7. juni-plassen;langs Henrik Ibsens gate;59.9150596;10.7312715
2022-05-31 21:15:19.437000+00:00;2022-05-31 21:20:50.277000+00:00;330;787;Kirkegata 15;ved Kunnskapsdepartamentet;59.91015615055511;10.743456971511705;547;Skippergata;ved Karl Johans gate;59.9112227;10.7481976
2022-05-31 21:15:20.481000+00:00;2022-05-31 21:18:41.234000+00:00;200;443;Sjøsiden ved trappen;Oslo S;59.910154466964954;10.751980909227372;787;Kirkegata 15;ved Kunnskapsdepartamentet;59.91015615055511;10.743456971511705
2022-05-31 21:16:16.257000+00:00;2022-05-31 21:22:57.641000+00:00;401;593;Bjølsen mølle;langs Sandakerveien;59.9392403070359;10.768771317790996;503;Fagerheimgata;ved Dælenenga busstopp;59.927605868377185;10.76598469881135
2022-05-31 21:16:25.232000+00:00;2022-05-31 21:21:52.803000+00:00;327;478;Jernbanetorget;Europarådets plass;59.911901;10.749929;381;Grønlands torg;ved Tøyenbekken;59.91252;10.76224
2022-05-31 21:16:59.519000+00:00;2022-05-31 21:20:10.062000+00:00;190;737;Munkegata;langs Oslo gate;59.908255;10.7678;381;Grønlands torg;ved Tøyenbekken;59.91252;10.76224
2022-05-31 21:17:19.909000+00:00;2022-05-31 21:27:59.689000+00:00;639;411;Hasle Torg;ved busstoppet;59.923240042155456;10.792831438028703;583;Galgeberg;langs St. Halvards gate;59.90707579234818;10.779164402446728
2022-05-31 21:17:20.167000+00:00;2022-05-31 21:30:28.407000+00:00;788;443;Sjøsiden ved trappen;Oslo S;59.910154466964954;10.751980909227372;579;Bogstadveien;ved Sporveisgata;59.924732;10.724628
2022-05-31 21:17:22.072000+00:00;2022-05-31 21:31:51.960000+00:00;869;442;Vulkan;ved Maridalsveien;59.92251;10.75101;583;Galgeberg;langs St. Halvards gate;59.90707579234818;10.779164402446728
2022-05-31 21:18:06.375000+00:00;2022-05-31 21:24:27.179000+00:00;380;458;Jenny Braatens Plass;langs Rosenhoffgata;59.928349;10.77837;493;Sofienbergparken nordvest;langs Helgesens Gate;59.9243639;10.7615858
2022-05-31 21:18:43.344000+00:00;2022-05-31 21:33:28.510000+00:00;885;443;Sjøsiden ved trappen;Oslo S;59.910154466964954;10.751980909227372;436;Vestkanttorvet;langs Tidemands gate;59.9244031;10.7130691
2022-05-31 21:18:56.263000+00:00;2022-05-31 21:33:18.019000+00:00;861;1101;Stortingstunellen;langs Rådhusgata;59.91065301806209;10.737365277561025;583;Galgeberg;langs St. Halvards gate;59.90707579234818;10.779164402446728
2022-05-31 21:19:36.828000+00:00;2022-05-31 21:28:46.147000+00:00;549;522;Mandalls gate;ved Grønlandsleiret;59.9123469;10.7638147;493;Sofienbergparken nordvest;langs Helgesens Gate;59.9243639;10.7615858
2022-05-31 21:21:42.495000+00:00;2022-05-31 21:29:26.944000+00:00;464;575;Sognsveien;ved Ullevål Stadion T-bane;59.94743324225673;10.732569703704815;433;Ila;langs Uelandsgt ved Colletts;59.931828;10.748745
2022-05-31 21:21:55.035000+00:00;2022-05-31 21:27:31.197000+00:00;336;384;Vår Frelsers gravlund;langs Ullevålsveien;59.91944043984847;10.7437646218726;507;Jens Bjelkes Gate;ved Trondheimsveien;59.91914743024347;10.76412958416006
2022-05-31 21:22:49.424000+00:00;2022-05-31 21:26:49.947000+00:00;240;421;Alexander Kiellands Plass;langs Maridalsveien;59.92806670615684;10.751202636819613;551;Olaf Ryes plass;langs Sofienberggata;59.922425;10.758182
2022-05-31 21:22:58.093000+00:00;2022-05-31 21:26:50.478000+00:00;232;421;Alexander Kiellands Plass;langs Maridalsveien;59.92806670615684;10.751202636819613;551;Olaf Ryes plass;langs Sofienberggata;59.922425;10.758182
2022-05-31 21:23:21.515000+00:00;2022-05-31 21:27:36.068000+00:00;254;512;Ensjø T-bane;langs Ensjøveien;59.9131891;10.7897605;610;Sotahjørnet;ved Strømsveien;59.9099822;10.7914482
2022-05-31 21:23:44.995000+00:00;2022-05-31 21:39:08.969000+00:00;923;486;Blindern Studenthus;langs Blindernveien;59.93522040770026;10.726476622250004;605;Økernveien;ved Ensjøveien bussholdeplass;59.9167376;10.779916
2022-05-31 21:23:49.322000+00:00;2022-05-31 21:34:46.730000+00:00;657;593;Bjølsen mølle;langs Sandakerveien;59.9392403070359;10.768771317790996;578;Hallings gate;langs Dalsbergstien;59.922777;10.738655
2022-05-31 21:24:54.525000+00:00;2022-05-31 21:34:26.306000+00:00;571;2337;Universitetsgata;Hjørnet av Universitetsgata and Kristian IVs Gate;59.91591543378553;10.737834990277321;408;Tøyen skole;forsiden av skolebygget;59.914943;10.773977
2022-05-31 21:25:33.940000+00:00;2022-05-31 21:31:55.339000+00:00;381;505;Marienlystparken;langs Kirkeveien;59.93215;10.723478;383;Arkitekt Rivertz Plass;langs Uelands gate;59.934936;10.749466
2022-05-31 21:26:02.607000+00:00;2022-05-31 21:28:06.280000+00:00;123;579;Bogstadveien;ved Sporveisgata;59.924732;10.724628;556;Pilestredet;ved Sporveisgata;59.9262242;10.7296246
2022-05-31 21:26:17.870000+00:00;2022-05-31 21:32:10.989000+00:00;353;478;Jernbanetorget;Europarådets plass;59.911901;10.749929;521;Jess Carlsens gate;ved Hausmanns gate;59.9186359;10.7523939
2022-05-31 21:26:20.269000+00:00;2022-05-31 21:52:00.872000+00:00;1540;472;Arendalsgata;over veien fra Sagen Kirke;59.9378;10.7541;2307;Domus Athletica;ved Vestgrensa Studentby;59.946219381760216;10.724626314653563
2022-05-31 21:26:51.231000+00:00;2022-05-31 21:31:24.260000+00:00;273;426;Gimle Kino;ved Frogner Kirke;59.91728078292675;10.708375798767435;626;Drammensveien;ved Ingar Nilsens vei;59.9204038;10.691147
2022-05-31 21:26:51.807000+00:00;2022-05-31 21:33:58.465000+00:00;426;478;Jernbanetorget;Europarådets plass;59.911901;10.749929;737;Munkegata;langs Oslo gate;59.908255;10.7678
2022-05-31 21:27:00.442000+00:00;2022-05-31 21:38:47.886000+00:00;707;444;AHO;langs Maridalsveien;59.925265;10.750462;579;Bogstadveien;ved Sporveisgata;59.924732;10.724628
2022-05-31 21:27:32.122000+00:00;2022-05-31 21:30:33.217000+00:00;181;623;7. juni-plassen;langs Henrik Ibsens gate;59.9150596;10.7312715;530;Holbergs plass;ved Welhavens gate;59.9193095;10.7343051
2022-05-31 21:28:40.964000+00:00;2022-05-31 21:39:33.353000+00:00;652;398;Ringnes Park;ved Sannergata;59.92843404417577;10.75943014633117;1755;Aker Brygge;ved trikkestopp;59.91118372188379;10.730034556850455
2022-05-31 21:29:16.478000+00:00;2022-05-31 21:38:30.811000+00:00;554;465;Bjørvika;under broen Nylandsveien;59.909006;10.75618;384;Vår Frelsers gravlund;langs Ullevålsveien;59.91944043984847;10.7437646218726
2022-05-31 21:29:19.845000+00:00;2022-05-31 21:38:54.851000+00:00;575;380;Bentsebrugata;rett over busstoppet;59.93923;10.75917;506;Botanisk Hage vest;ved Blytts gate;59.92012811804052;10.768875408563598
2022-05-31 21:30:40.168000+00:00;2022-05-31 21:46:10.645000+00:00;930;499;Bjerregaards gate;ovenfor Fredrikke Qvams gate;59.925488;10.746058;581;Jordalgata;ved Galgeberg busstopp;59.908227;10.781088
2022-05-31 21:30:46.022000+00:00;2022-05-31 21:36:05.420000+00:00;319;478;Jernbanetorget;Europarådets plass;59.911901;10.749929;521;Jess Carlsens gate;ved Hausmanns gate;59.9186359;10.7523939
2022-05-31 21:30:55.074000+00:00;2022-05-31 21:43:16.546000+00:00;741;583;Galgeberg;langs St. Halvards gate;59.90707579234818;10.779164402446728;600;Dyvekes bru;ved skatepark;59.905323;10.7689579
2022-05-31 21:30:55.881000+00:00;2022-05-31 21:32:00.405000+00:00;64;2333;Akerselvallmenningen;øst for Operaen;59.90725889890288;10.754884663589621;2333;Akerselvallmenningen;øst for Operaen;59.90725889890288;10.754884663589621
2022-05-31 21:31:07.876000+00:00;2022-05-31 21:37:18.794000+00:00;370;486;Blindern Studenthus;langs Blindernveien;59.93522040770026;10.726476622250004;603;Frogner plass;i rundkjøringen;59.9225392;10.7045406
2022-05-31 21:31:57.289000+00:00;2022-05-31 21:43:54.129000+00:00;716;556;Pilestredet;ved Sporveisgata;59.9262242;10.7296246;458;Jenny Braatens Plass;langs Rosenhoffgata;59.928349;10.77837
2022-05-31 21:32:07.960000+00:00;2022-05-31 21:43:00.291000+00:00;652;580;Georg Morgenstiernes hus;ved Moltke Moes vei;59.939025551395765;10.723002619643406;579;Bogstadveien;ved Sporveisgata;59.924732;10.724628
2022-05-31 21:33:10.068000+00:00;2022-05-31 21:44:20.711000+00:00;670;572;Skøyen;under broen;59.92226850808104;10.679579749668129;454;Furulund;langs Vækerøveien;59.9198098;10.651118
2022-05-31 21:33:25.658000+00:00;2022-05-31 21:51:05.925000+00:00;1060;555;Griffenfeldts gate;ved Colletts gate;59.9337026;10.7519299;461;Vålerenga;langs Ingeborgs gate;59.908576;10.786856
2022-05-31 21:33:39.255000+00:00;2022-05-31 21:42:28.878000+00:00;529;619;Bak Niels Treschows hus nord;ved parkeringsplassen;59.942780248542554;10.722993731144015;472;Arendalsgata;over veien fra Sagen Kirke;59.9378;10.7541
2022-05-31 21:34:15.126000+00:00;2022-05-31 21:43:10.151000+00:00;535;590;Majorstua skole;langs Bogstadveien;59.9294351;10.7136816;590;Majorstua skole;langs Bogstadveien;59.9294351;10.7136816
2022-05-31 21:34:22.983000+00:00;2022-05-31 21:42:53.088000+00:00;510;558;Dokkveien;ved Støperigata;59.910974;10.7277001;603;Frogner plass;i rundkjøringen;59.9225392;10.7045406
2022-05-31 21:34:45.631000+00:00;2022-05-31 21:39:32.423000+00:00;286;437;Sentrum Scene;ved Arbeidersamfunnets plass;59.91546786564256;10.751140873016311;522;Mandalls gate;ved Grønlandsleiret;59.9123469;10.7638147
2022-05-31 21:35:32.391000+00:00;2022-05-31 21:41:29.679000+00:00;357;2329;Via Vika;mellom bygningene ved Via Vika;59.91271286014364;10.727170827087008;535;Uranienborgveien;vest for Slottsparken;59.9200421;10.726634
2022-05-31 21:36:04.980000+00:00;2022-05-31 21:45:59.879000+00:00;594;2333;Akerselvallmenningen;øst for Operaen;59.90725889890288;10.754884663589621;2334;Nybrua holdeplass;Vest for Storgata der den krysser Hausmanns gate;59.916544926082935;10.757428972017067
2022-05-31 21:36:50.417000+00:00;2022-05-31 21:41:05.013000+00:00;254;620;Bislettgata;ved Sofies Gate;59.92377440938114;10.734712874574;579;Bogstadveien;ved Sporveisgata;59.924732;10.724628
2022-05-31 21:38:22.644000+00:00;2022-05-31 21:45:21.143000+00:00;418;481;Rådhusgata;ved Kontraskjæret trikkestopp;59.910924;10.736215;535;Uranienborgveien;vest for Slottsparken;59.9200421;10.726634
2022-05-31 21:38:54.040000+00:00;2022-05-31 21:45:42.170000+00:00;408;542;Grünerhagen Nord;ved Sofienberggata;59.9224256;10.7554274;617;Bjerregaardsgate Øst;ved Uelands gate;59.92716771401357;10.749754560118863
2022-05-31 21:39:09.061000+00:00;2022-05-31 21:51:02.080000+00:00;713;447;Kværnerbyen;langs Smeltedigelen;59.904473;10.786167;406;Carl Berners plass sør;langs Finnmarkgata;59.92507;10.775996
2022-05-31 21:40:44.783000+00:00;2022-05-31 21:50:32.262000+00:00;587;625;Spikersuppa Øst;ved Stortinget;59.91336;10.737663;451;Suhms gate;ved Oslo døvekirke;59.929419;10.726195
2022-05-31 21:42:04.008000+00:00;2022-05-31 21:53:47.542000+00:00;703;2328;The Hub;Mellom Oslo City og The Hub hotel;59.912522370233745;10.750910185807754;547;Skippergata;ved Karl Johans gate;59.9112227;10.7481976
2022-05-31 21:42:08.759000+00:00;2022-05-31 22:37:48.154000+00:00;3339;443;Sjøsiden ved trappen;Oslo S;59.910154466964954;10.751980909227372;551;Olaf Ryes plass;langs Sofienberggata;59.922425;10.758182
2022-05-31 21:43:13.687000+00:00;2022-05-31 21:47:40.476000+00:00;266;744;Hallénparken;ved Vogts gate;59.9315302;10.762169;551;Olaf Ryes plass;langs Sofienberggata;59.922425;10.758182
2022-05-31 21:44:02.567000+00:00;2022-05-31 21:57:38.809000+00:00;816;423;Schous plass;nærmest rundkjøringen;59.920335;10.760804;446;Bislett Stadion;ved rundkjøringen;59.925471317049954;10.73121932213806
2022-05-31 21:45:25.524000+00:00;2022-05-31 21:52:40.093000+00:00;434;486;Blindern Studenthus;langs Blindernveien;59.93522040770026;10.726476622250004;607;Marcus Thranes gate;ved Akerselva;59.93277225626508;10.758594919923468
2022-05-31 21:46:04.067000+00:00;2022-05-31 21:52:59.798000+00:00;415;423;Schous plass;nærmest rundkjøringen;59.920335;10.760804;499;Bjerregaards gate;ovenfor Fredrikke Qvams gate;59.925488;10.746058
2022-05-31 21:46:41.515000+00:00;2022-05-31 21:55:08.557000+00:00;507;549;Linaaes gate;langs Møllergata;59.91382393242077;10.745704482209018;421;Alexander Kiellands Plass;langs Maridalsveien;59.92806670615684;10.751202636819613
2022-05-31 21:47:42.910000+00:00;2022-05-31 21:53:45.696000+00:00;362;383;Arkitekt Rivertz Plass;langs Uelands gate;59.934936;10.749466;518;Ullevålsveien;ved taxi stoppen;59.9246852;10.7395045
2022-05-31 21:47:46.642000+00:00;2022-05-31 22:02:26.753000+00:00;880;580;Georg Morgenstiernes hus;ved Moltke Moes vei;59.939025551395765;10.723002619643406;423;Schous plass;nærmest rundkjøringen;59.920335;10.760804
2022-05-31 21:48:36.092000+00:00;2022-05-31 21:55:03.849000+00:00;387;382;Stensgata;ved trikkestoppet;59.92958561753996;10.732839000000013;384;Vår Frelsers gravlund;langs Ullevålsveien;59.91944043984847;10.7437646218726
2022-05-31 21:48:38.910000+00:00;2022-05-31 22:18:36.509000+00:00;1797;417;Uranienborgparken;langs Holtegata;59.922485;10.720896;417;Uranienborgparken;langs Holtegata;59.922485;10.720896
2022-05-31 21:50:06.384000+00:00;2022-05-31 21:52:36.462000+00:00;150;466;Ullevålsalléen;langs Sognsveien;59.937913;10.73048;409;John Colletts plass;ved Sognsveien;59.940398;10.730036
2022-05-31 21:51:10.599000+00:00;2022-05-31 22:00:09.754000+00:00;539;380;Bentsebrugata;rett over busstoppet;59.93923;10.75917;521;Jess Carlsens gate;ved Hausmanns gate;59.9186359;10.7523939
2022-05-31 21:53:09.507000+00:00;2022-05-31 22:02:59.724000+00:00;590;426;Gimle Kino;ved Frogner Kirke;59.91728078292675;10.708375798767435;2333;Akerselvallmenningen;øst for Operaen;59.90725889890288;10.754884663589621
2022-05-31 21:55:31.656000+00:00;2022-05-31 22:32:56.909000+00:00;2245;2280;Klingenberggata;By Olav V street;59.913150534075015;10.732281291700133;598;Sofienbergparken nord;langs Helgesens gate;59.923229;10.766171
2022-05-31 21:57:17.149000+00:00;2022-05-31 21:58:32.014000+00:00;74;532;Brynseng T-bane;Ved Østensjøveien;59.90918420865812;10.81431433498766;532;Brynseng T-bane;Ved Østensjøveien;59.90918420865812;10.81431433498766
2022-05-31 21:57:19.296000+00:00;2022-05-31 22:03:47.989000+00:00;388;381;Grønlands torg;ved Tøyenbekken;59.91252;10.76224;597;Fredensborg;ved rundkjøringen;59.920995;10.750358
2022-05-31 21:58:26.548000+00:00;2022-05-31 22:09:12.050000+00:00;645;585;Nordre gate;ved Grünerbrua;59.92114988507087;10.754714015938562;437;Sentrum Scene;ved Arbeidersamfunnets plass;59.91546786564256;10.751140873016311
2022-05-31 21:58:33.054000+00:00;2022-05-31 22:06:19.006000+00:00;465;565;Mailundveien;sør for Torshovdalen;59.9309181;10.7728203;522;Mandalls gate;ved Grønlandsleiret;59.9123469;10.7638147
2022-05-31 21:58:37.042000+00:00;2022-05-31 22:09:29.375000+00:00;652;585;Nordre gate;ved Grünerbrua;59.92114988507087;10.754714015938562;437;Sentrum Scene;ved Arbeidersamfunnets plass;59.91546786564256;10.751140873016311
2022-05-31 21:58:39.628000+00:00;2022-05-31 22:09:19.709000+00:00;640;585;Nordre gate;ved Grünerbrua;59.92114988507087;10.754714015938562;437;Sentrum Scene;ved Arbeidersamfunnets plass;59.91546786564256;10.751140873016311
2022-05-31 21:59:02.892000+00:00;2022-05-31 22:09:31.670000+00:00;628;393;Hans Nielsen Hauges plass;langs Hans Nielsen Hauges gate;59.939244;10.774319;488;Torshovparken vest;langs Per Kvibergs gate;59.93507;10.76915
2022-05-31 21:59:15.188000+00:00;2022-05-31 22:09:56.501000+00:00;641;532;Brynseng T-bane;Ved Østensjøveien;59.90918420865812;10.81431433498766;2304;Hedmarksgata;ved Jordal Amfi;59.91178403655783;10.783884345957915
2022-05-31 22:00:16.428000+00:00;2022-05-31 22:04:57.134000+00:00;280;427;Briskeby;ved Uranienborg skole;59.920218;10.717978;476;Edvard Storms gate;ved Pilestredet;59.919111;10.736179
2022-05-31 22:00:45.544000+00:00;2022-05-31 22:04:32.858000+00:00;227;607;Marcus Thranes gate;ved Akerselva;59.93277225626508;10.758594919923468;433;Ila;langs Uelandsgt ved Colletts;59.931828;10.748745
2022-05-31 22:01:10.631000+00:00;2022-05-31 22:29:58.315000+00:00;1727;479;Tjuvholmen;ved Bryggegangen;59.909467;10.722509;552;Trelastgata;ved Nordenga bru;59.908004655328924;10.7625700380287
2022-05-31 22:02:37.838000+00:00;2022-05-31 22:21:38.968000+00:00;1141;580;Georg Morgenstiernes hus;ved Moltke Moes vei;59.939025551395765;10.723002619643406;511;Henrik Ibsens gate;ved Parkveien;59.915088;10.7222803
2022-05-31 22:03:12.040000+00:00;2022-05-31 22:08:48.576000+00:00;336;739;Hammersborg Torg;langs Møllergata;59.91652053839767;10.749202233135232;410;Landstads gate;langs Uelands gate;59.929005;10.7496755
2022-05-31 22:04:15.639000+00:00;2022-05-31 22:13:20.357000+00:00;544;625;Spikersuppa Øst;ved Stortinget;59.91336;10.737663;534;Filipstadveien;langs busslommen;59.9102277;10.7208788
2022-05-31 22:05:12.310000+00:00;2022-05-31 22:11:43.681000+00:00;391;489;Torggata;ved Bernt Ankers gate;59.91598309274519;10.75155119076095;460;Botanisk Hage sør;langs Jens Bjelkes gate;59.915417698024385;10.76933022142641
2022-05-31 22:06:13.491000+00:00;2022-05-31 22:14:51.722000+00:00;518;480;Helga Helgesens plass;langs Grønlandsleiret;59.9121109;10.7661939;581;Jordalgata;ved Galgeberg busstopp;59.908227;10.781088
2022-05-31 22:06:27.060000+00:00;2022-05-31 22:20:29.502000+00:00;842;511;Henrik Ibsens gate;ved Parkveien;59.915088;10.7222803;569;Botanisk hage sør-vest;ved Sars' gate;59.91783548782385;10.766373769557958
2022-05-31 22:08:07.815000+00:00;2022-05-31 22:25:34.735000+00:00;1046;597;Fredensborg;ved rundkjøringen;59.920995;10.750358;626;Drammensveien;ved Ingar Nilsens vei;59.9204038;10.691147
2022-05-31 22:09:24.100000+00:00;2022-05-31 22:24:01.215000+00:00;877;431;Chr. Michelsens Gate;ved Fjellgata;59.927292;10.773185;486;Blindern Studenthus;langs Blindernveien;59.93522040770026;10.726476622250004
2022-05-31 22:09:47.005000+00:00;2022-05-31 22:13:39.809000+00:00;232;398;Ringnes Park;ved Sannergata;59.92843404417577;10.75943014633117;442;Vulkan;ved Maridalsveien;59.92251;10.75101
2022-05-31 22:10:33.030000+00:00;2022-05-31 23:10:03.188000+00:00;3570;597;Fredensborg;ved rundkjøringen;59.920995;10.750358;585;Nordre gate;ved Grünerbrua;59.92114988507087;10.754714015938562
2022-05-31 22:11:55.506000+00:00;2022-05-31 22:24:48.577000+00:00;773;493;Sofienbergparken nordvest;langs Helgesens Gate;59.9243639;10.7615858;512;Ensjø T-bane;langs Ensjøveien;59.9131891;10.7897605
2022-05-31 22:12:11.276000+00:00;2022-05-31 22:50:17.049000+00:00;2285;484;Karenslyst allé;ved Skabos vei;59.92033;10.683814;484;Karenslyst allé;ved Skabos vei;59.92033;10.683814
2022-05-31 22:13:21.613000+00:00;2022-05-31 22:19:08.500000+00:00;346;485;Sommerfrydhagen;langs Jens Bjelkes gate;59.911453;10.776072;569;Botanisk hage sør-vest;ved Sars' gate;59.91783548782385;10.766373769557958
2022-05-31 22:17:57.461000+00:00;2022-05-31 22:31:19.656000+00:00;802;465;Bjørvika;under broen Nylandsveien;59.909006;10.75618;456;Frognerstranda;ved Kongen Marina;59.9103558;10.7051061
2022-05-31 22:19:54.783000+00:00;2022-05-31 22:33:35.530000+00:00;820;748;Hydroparken;langs Drammensveien;59.914145;10.715505;603;Frogner plass;i rundkjøringen;59.9225392;10.7045406
2022-05-31 22:21:21.661000+00:00;2022-05-31 22:26:35.513000+00:00;313;615;Munkedamsveien;ved Haakon VIIs gate;59.9135227;10.7301061;537;St. Olavs gate;ved Pilestredet;59.9179676629428;10.738628884264756
2022-05-31 22:23:14.014000+00:00;2022-05-31 22:37:55.023000+00:00;881;530;Holbergs plass;ved Welhavens gate;59.9193095;10.7343051;407;Sagene bussholdeplass;langs Kierschovs gate;59.937743;10.751648
2022-05-31 22:25:40.733000+00:00;2022-05-31 22:35:02.290000+00:00;561;421;Alexander Kiellands Plass;langs Maridalsveien;59.92806670615684;10.751202636819613;480;Helga Helgesens plass;langs Grønlandsleiret;59.9121109;10.7661939
2022-05-31 22:26:54.079000+00:00;2022-05-31 22:33:47.457000+00:00;413;406;Carl Berners plass sør;langs Finnmarkgata;59.92507;10.775996;569;Botanisk hage sør-vest;ved Sars' gate;59.91783548782385;10.766373769557958
2022-05-31 22:27:24.527000+00:00;2022-05-31 22:34:55.735000+00:00;451;424;Birkelunden;langs Seilduksgata;59.9256113;10.760926;408;Tøyen skole;forsiden av skolebygget;59.914943;10.773977
2022-05-31 22:30:20.878000+00:00;2022-05-31 22:37:13.753000+00:00;412;575;Sognsveien;ved Ullevål Stadion T-bane;59.94743324225673;10.732569703704815;416;Tannlegehøyskolen;langs Geitmyrsveien;59.932383;10.741475
2022-05-31 22:31:05.927000+00:00;2022-05-31 22:46:45.880000+00:00;939;435;Fram-gården;langs Bygdøy Allé;59.915424;10.714577;523;Tøyenbekken;ved Rubina Ranas gate;59.9115945;10.7617736
2022-05-31 22:31:54.872000+00:00;2022-05-31 22:41:04.554000+00:00;549;537;St. Olavs gate;ved Pilestredet;59.9179676629428;10.738628884264756;462;Stensparken;ved Sporveisgata;59.92714;10.730981
2022-05-31 22:37:03.001000+00:00;2022-05-31 22:44:57.746000+00:00;474;502;Ullevål sykehus;langs Kirkeveien;59.9360307;10.7364516;499;Bjerregaards gate;ovenfor Fredrikke Qvams gate;59.925488;10.746058
2022-05-31 22:39:46.753000+00:00;2022-05-31 22:44:00.752000+00:00;253;486;Blindern Studenthus;langs Blindernveien;59.93522040770026;10.726476622250004;496;Fysikkbygningen;ved Sem Sælands vei;59.937957367051965;10.719488529430388
2022-05-31 22:40:46.932000+00:00;2022-05-31 22:59:38.273000+00:00;1131;613;Schives gate;ved Arno Bergs plass;59.92095635370271;10.714055629614734;501;Krebs' gate;ved Vogts gate;59.935995;10.765413
2022-05-31 22:40:58.462000+00:00;2022-05-31 22:59:43.483000+00:00;1125;613;Schives gate;ved Arno Bergs plass;59.92095635370271;10.714055629614734;501;Krebs' gate;ved Vogts gate;59.935995;10.765413
2022-05-31 22:45:16.325000+00:00;2022-05-31 22:51:19.763000+00:00;363;748;Hydroparken;langs Drammensveien;59.914145;10.715505;748;Hydroparken;langs Drammensveien;59.914145;10.715505
2022-05-31 22:45:41.415000+00:00;2022-05-31 22:48:31.555000+00:00;170;787;Kirkegata 15;ved Kunnskapsdepartamentet;59.91015615055511;10.743456971511705;443;Sjøsiden ved trappen;Oslo S;59.910154466964954;10.751980909227372
2022-05-31 22:45:57.181000+00:00;2022-05-31 22:56:28.728000+00:00;631;585;Nordre gate;ved Grünerbrua;59.92114988507087;10.754714015938562;449;Ruseløkkgården;langs Løkkeveien;59.91357497092093;10.726229742333288
2022-05-31 22:46:22.667000+00:00;2022-05-31 22:59:21.098000+00:00;778;423;Schous plass;nærmest rundkjøringen;59.920335;10.760804;522;Mandalls gate;ved Grønlandsleiret;59.9123469;10.7638147
2022-05-31 22:46:36.619000+00:00;2022-05-31 22:54:43.669000+00:00;487;787;Kirkegata 15;ved Kunnskapsdepartamentet;59.91015615055511;10.743456971511705;480;Helga Helgesens plass;langs Grønlandsleiret;59.9121109;10.7661939
2022-05-31 22:47:36.983000+00:00;2022-05-31 22:55:46.563000+00:00;489;530;Holbergs plass;ved Welhavens gate;59.9193095;10.7343051;436;Vestkanttorvet;langs Tidemands gate;59.9244031;10.7130691
2022-05-31 22:48:13.647000+00:00;2022-05-31 22:54:58.534000+00:00;404;444;AHO;langs Maridalsveien;59.925265;10.750462;744;Hallénparken;ved Vogts gate;59.9315302;10.762169
2022-05-31 22:53:09.982000+00:00;2022-05-31 23:45:05.030000+00:00;3115;608;Colletts gate;ved Diriks gate;59.93068679863987;10.746273349149249;433;Ila;langs Uelandsgt ved Colletts;59.931828;10.748745
2022-05-31 22:54:15.717000+00:00;2022-05-31 23:24:54.432000+00:00;1838;483;Hausmanns gate;ved Røde Kors;59.915451;10.758328;483;Hausmanns gate;ved Røde Kors;59.915451;10.758328
2022-05-31 22:54:35.737000+00:00;2022-05-31 23:08:57.633000+00:00;861;496;Fysikkbygningen;ved Sem Sælands vei;59.937957367051965;10.719488529430388;607;Marcus Thranes gate;ved Akerselva;59.93277225626508;10.758594919923468
2022-05-31 22:55:09.293000+00:00;2022-05-31 23:26:47.288000+00:00;1897;545;Arkaden Sør;langs Dronningens gate;59.9119691;10.7478583;1009;Borgenveien;ved Holmenveien;59.942742106473666;10.703833031254021
2022-05-31 22:56:07.457000+00:00;2022-05-31 22:57:47.144000+00:00;99;499;Bjerregaards gate;ovenfor Fredrikke Qvams gate;59.925488;10.746058;499;Bjerregaards gate;ovenfor Fredrikke Qvams gate;59.925488;10.746058
2022-05-31 22:56:35.526000+00:00;2022-05-31 23:13:01.233000+00:00;985;471;Marienlyst;ved bensinstasjon;59.932432498521095;10.721762294477472;746;Bygdøy allé;ved parkeringsplassen;59.919001;10.692321
2022-05-31 22:58:25.741000+00:00;2022-05-31 23:19:36.790000+00:00;1271;502;Ullevål sykehus;langs Kirkeveien;59.9360307;10.7364516;381;Grønlands torg;ved Tøyenbekken;59.91252;10.76224
2022-05-31 22:58:58.843000+00:00;2022-05-31 23:15:55.932000+00:00;1017;2328;The Hub;Mellom Oslo City og The Hub hotel;59.912522370233745;10.750910185807754;394;Bjølsen Studentby;ved rundkjøringen;59.943777539367225;10.760121127577955
2022-05-31 22:59:38.932000+00:00;2022-05-31 23:11:46.065000+00:00;727;530;Holbergs plass;ved Welhavens gate;59.9193095;10.7343051;748;Hydroparken;langs Drammensveien;59.914145;10.715505
2022-05-31 22:59:45.203000+00:00;2022-05-31 23:06:17.799000+00:00;392;522;Mandalls gate;ved Grønlandsleiret;59.9123469;10.7638147;485;Sommerfrydhagen;langs Jens Bjelkes gate;59.911453;10.776072